Level,Category_Name,Forecast_Month,Forecast_Demand,Model_Used
Category,Automotive,2017-02-01,1.0,Naive
Category,Automotive,2017-03-01,1.0,Naive
Category,Automotive,2017-04-01,1.0,Naive
Category,Automotive,2017-05-01,1.0,Naive
Category,Automotive,2017-06-01,1.0,Naive
Category,Automotive,2017-07-01,1.0,Naive
Category,Automotive,2017-08-01,1.0,Naive
Category,Automotive,2017-09-01,1.0,Naive
Category,Automotive,2017-10-01,1.0,Naive
Category,Automotive,2017-11-01,1.0,Naive
Category,Automotive,2017-12-01,1.0,Naive
Category,Automotive,2018-01-01,1.0,Naive
Category,Beauty,2017-02-01,30.0,Naive
Category,Beauty,2017-03-01,30.0,Naive
Category,Beauty,2017-04-01,30.0,Naive
Category,Beauty,2017-05-01,30.0,Naive
Category,Beauty,2017-06-01,30.0,Naive
Category,Beauty,2017-07-01,30.0,Naive
Category,Beauty,2017-08-01,30.0,Naive
Category,Beauty,2017-09-01,30.0,Naive
Category,Beauty,2017-10-01,30.0,Naive
Category,Beauty,2017-11-01,30.0,Naive
Category,Beauty,2017-12-01,30.0,Naive
Category,Beauty,2018-01-01,30.0,Naive
Category,Beverages,2016-01-01,20.0,Holt-Winters
Category,Beverages,2016-02-01,2.0,Holt-Winters
Category,Beverages,2016-03-01,31.0,Holt-Winters
Category,Beverages,2016-04-01,4.0,Holt-Winters
Category,Beverages,2016-05-01,16.0,Holt-Winters
Category,Beverages,2016-06-01,24.0,Holt-Winters
Category,Beverages,2016-07-01,9.0,Holt-Winters
Category,Beverages,2016-08-01,15.0,Holt-Winters
Category,Beverages,2016-09-01,17.0,Holt-Winters
Category,Beverages,2016-10-01,34.0,Holt-Winters
Category,Beverages,2016-11-01,12.0,Holt-Winters
Category,Beverages,2016-12-01,26.0,Holt-Winters
Category,Books,2017-01-01,1178.0,SARIMA
Category,Books,2017-02-01,0.0,SARIMA
Category,Books,2017-03-01,0.0,SARIMA
Category,Books,2017-04-01,1649.0,SARIMA
Category,Books,2017-05-01,0.0,SARIMA
Category,Books,2017-06-01,0.0,SARIMA
Category,Books,2017-07-01,869.0,SARIMA
Category,Books,2017-08-01,1300.0,SARIMA
Category,Books,2017-09-01,3343.0,SARIMA
Category,Books,2017-10-01,139.0,SARIMA
Category,Books,2017-11-01,584.0,SARIMA
Category,Books,2017-12-01,347.0,SARIMA
Category,Cleaning_Supplies,2017-01-01,12956.0,Naive
Category,Cleaning_Supplies,2017-02-01,12956.0,Naive
Category,Cleaning_Supplies,2017-03-01,12956.0,Naive
Category,Cleaning_Supplies,2017-04-01,12956.0,Naive
Category,Cleaning_Supplies,2017-05-01,12956.0,Naive
Category,Cleaning_Supplies,2017-06-01,12956.0,Naive
Category,Cleaning_Supplies,2017-07-01,12956.0,Naive
Category,Cleaning_Supplies,2017-08-01,12956.0,Naive
Category,Cleaning_Supplies,2017-09-01,12956.0,Naive
Category,Cleaning_Supplies,2017-10-01,12956.0,Naive
Category,Cleaning_Supplies,2017-11-01,12956.0,Naive
Category,Cleaning_Supplies,2017-12-01,12956.0,Naive
Category,Clothing,2017-01-01,24858.0,Naive
Category,Clothing,2017-02-01,24858.0,Naive
Category,Clothing,2017-03-01,24858.0,Naive
Category,Clothing,2017-04-01,24858.0,Naive
Category,Clothing,2017-05-01,24858.0,Naive
Category,Clothing,2017-06-01,24858.0,Naive
Category,Clothing,2017-07-01,24858.0,Naive
Category,Clothing,2017-08-01,24858.0,Naive
Category,Clothing,2017-09-01,24858.0,Naive
Category,Clothing,2017-10-01,24858.0,Naive
Category,Clothing,2017-11-01,24858.0,Naive
Category,Clothing,2017-12-01,24858.0,Naive
Category,Computers,2017-02-01,10600.0,Naive
Category,Computers,2017-03-01,10600.0,Naive
Category,Computers,2017-04-01,10600.0,Naive
Category,Computers,2017-05-01,10600.0,Naive
Category,Computers,2017-06-01,10600.0,Naive
Category,Computers,2017-07-01,10600.0,Naive
Category,Computers,2017-08-01,10600.0,Naive
Category,Computers,2017-09-01,10600.0,Naive
Category,Computers,2017-10-01,10600.0,Naive
Category,Computers,2017-11-01,10600.0,Naive
Category,Computers,2017-12-01,10600.0,Naive
Category,Computers,2018-01-01,10600.0,Naive
Category,Dairy,2017-02-01,3529.0,SARIMA
Category,Dairy,2017-03-01,4563.0,SARIMA
Category,Dairy,2017-04-01,4360.0,SARIMA
Category,Dairy,2017-05-01,3638.0,SARIMA
Category,Dairy,2017-06-01,3499.0,SARIMA
Category,Dairy,2017-07-01,3447.0,SARIMA
Category,Dairy,2017-08-01,4102.0,SARIMA
Category,Dairy,2017-09-01,3585.0,SARIMA
Category,Dairy,2017-10-01,3958.0,SARIMA
Category,Dairy,2017-11-01,3447.0,SARIMA
Category,Dairy,2017-12-01,3476.0,SARIMA
Category,Dairy,2018-01-01,1890.0,SARIMA
Category,Electricals,2017-01-01,69672.0,Naive
Category,Electricals,2017-02-01,69672.0,Naive
Category,Electricals,2017-03-01,69672.0,Naive
Category,Electricals,2017-04-01,69672.0,Naive
Category,Electricals,2017-05-01,69672.0,Naive
Category,Electricals,2017-06-01,69672.0,Naive
Category,Electricals,2017-07-01,69672.0,Naive
Category,Electricals,2017-08-01,69672.0,Naive
Category,Electricals,2017-09-01,69672.0,Naive
Category,Electricals,2017-10-01,69672.0,Naive
Category,Electricals,2017-11-01,69672.0,Naive
Category,Electricals,2017-12-01,69672.0,Naive
Category,Electronics,2017-01-01,999.0,Naive
Category,Electronics,2017-02-01,999.0,Naive
Category,Electronics,2017-03-01,999.0,Naive
Category,Electronics,2017-04-01,999.0,Naive
Category,Electronics,2017-05-01,999.0,Naive
Category,Electronics,2017-06-01,999.0,Naive
Category,Electronics,2017-07-01,999.0,Naive
Category,Electronics,2017-08-01,999.0,Naive
Category,Electronics,2017-09-01,999.0,Naive
Category,Electronics,2017-10-01,999.0,Naive
Category,Electronics,2017-11-01,999.0,Naive
Category,Electronics,2017-12-01,999.0,Naive
Category,Fitness,2017-02-01,0.0,SARIMA
Category,Fitness,2017-03-01,18091.0,SARIMA
Category,Fitness,2017-04-01,25745.0,SARIMA
Category,Fitness,2017-05-01,0.0,SARIMA
Category,Fitness,2017-06-01,24845.0,SARIMA
Category,Fitness,2017-07-01,0.0,SARIMA
Category,Fitness,2017-08-01,9523.0,SARIMA
Category,Fitness,2017-09-01,17884.0,SARIMA
Category,Fitness,2017-10-01,3193.0,SARIMA
Category,Fitness,2017-11-01,58862.0,SARIMA
Category,Fitness,2017-12-01,0.0,SARIMA
Category,Fitness,2018-01-01,0.0,SARIMA
Category,Food,2017-02-01,29.0,Naive
Category,Food,2017-03-01,29.0,Naive
Category,Food,2017-04-01,29.0,Naive
Category,Food,2017-05-01,29.0,Naive
Category,Food,2017-06-01,29.0,Naive
Category,Food,2017-07-01,29.0,Naive
Category,Food,2017-08-01,29.0,Naive
Category,Food,2017-09-01,29.0,Naive
Category,Food,2017-10-01,29.0,Naive
Category,Food,2017-11-01,29.0,Naive
Category,Food,2017-12-01,29.0,Naive
Category,Food,2018-01-01,29.0,Naive
Category,Footwear,2017-01-01,91.0,SARIMA
Category,Footwear,2017-02-01,230.0,SARIMA
Category,Footwear,2017-03-01,237.0,SARIMA
Category,Footwear,2017-04-01,262.0,SARIMA
Category,Footwear,2017-05-01,582.0,SARIMA
Category,Footwear,2017-06-01,550.0,SARIMA
Category,Footwear,2017-07-01,151.0,SARIMA
Category,Footwear,2017-08-01,250.0,SARIMA
Category,Footwear,2017-09-01,215.0,SARIMA
Category,Footwear,2017-10-01,204.0,SARIMA
Category,Footwear,2017-11-01,675.0,SARIMA
Category,Footwear,2017-12-01,114.0,SARIMA
Category,Furniture,2017-02-01,2472.0,Naive
Category,Furniture,2017-03-01,2472.0,Naive
Category,Furniture,2017-04-01,2472.0,Naive
Category,Furniture,2017-05-01,2472.0,Naive
Category,Furniture,2017-06-01,2472.0,Naive
Category,Furniture,2017-07-01,2472.0,Naive
Category,Furniture,2017-08-01,2472.0,Naive
Category,Furniture,2017-09-01,2472.0,Naive
Category,Furniture,2017-10-01,2472.0,Naive
Category,Furniture,2017-11-01,2472.0,Naive
Category,Furniture,2017-12-01,2472.0,Naive
Category,Furniture,2018-01-01,2472.0,Naive
Category,Gardening,2017-01-01,676750.0,Naive
Category,Gardening,2017-02-01,676750.0,Naive
Category,Gardening,2017-03-01,676750.0,Naive
Category,Gardening,2017-04-01,676750.0,Naive
Category,Gardening,2017-05-01,676750.0,Naive
Category,Gardening,2017-06-01,676750.0,Naive
Category,Gardening,2017-07-01,676750.0,Naive
Category,Gardening,2017-08-01,676750.0,Naive
Category,Gardening,2017-09-01,676750.0,Naive
Category,Gardening,2017-10-01,676750.0,Naive
Category,Gardening,2017-11-01,676750.0,Naive
Category,Gardening,2017-12-01,676750.0,Naive
Category,General_Merchandise,2017-01-01,840000.0,Naive
Category,General_Merchandise,2017-02-01,840000.0,Naive
Category,General_Merchandise,2017-03-01,840000.0,Naive
Category,General_Merchandise,2017-04-01,840000.0,Naive
Category,General_Merchandise,2017-05-01,840000.0,Naive
Category,General_Merchandise,2017-06-01,840000.0,Naive
Category,General_Merchandise,2017-07-01,840000.0,Naive
Category,General_Merchandise,2017-08-01,840000.0,Naive
Category,General_Merchandise,2017-09-01,840000.0,Naive
Category,General_Merchandise,2017-10-01,840000.0,Naive
Category,General_Merchandise,2017-11-01,840000.0,Naive
Category,General_Merchandise,2017-12-01,840000.0,Naive
Category,Hardware,2017-01-01,4143.0,Naive
Category,Hardware,2017-02-01,4143.0,Naive
Category,Hardware,2017-03-01,4143.0,Naive
Category,Hardware,2017-04-01,4143.0,Naive
Category,Hardware,2017-05-01,4143.0,Naive
Category,Hardware,2017-06-01,4143.0,Naive
Category,Hardware,2017-07-01,4143.0,Naive
Category,Hardware,2017-08-01,4143.0,Naive
Category,Hardware,2017-09-01,4143.0,Naive
Category,Hardware,2017-10-01,4143.0,Naive
Category,Hardware,2017-11-01,4143.0,Naive
Category,Hardware,2017-12-01,4143.0,Naive
Category,Healthcare,2017-02-01,70.0,Naive
Category,Healthcare,2017-03-01,70.0,Naive
Category,Healthcare,2017-04-01,70.0,Naive
Category,Healthcare,2017-05-01,70.0,Naive
Category,Healthcare,2017-06-01,70.0,Naive
Category,Healthcare,2017-07-01,70.0,Naive
Category,Healthcare,2017-08-01,70.0,Naive
Category,Healthcare,2017-09-01,70.0,Naive
Category,Healthcare,2017-10-01,70.0,Naive
Category,Healthcare,2017-11-01,70.0,Naive
Category,Healthcare,2017-12-01,70.0,Naive
Category,Healthcare,2018-01-01,70.0,Naive
Category,Home_Appliances,2017-02-01,3925101.0,SARIMA
Category,Home_Appliances,2017-03-01,4510330.0,SARIMA
Category,Home_Appliances,2017-04-01,4575592.0,SARIMA
Category,Home_Appliances,2017-05-01,5683317.0,SARIMA
Category,Home_Appliances,2017-06-01,6587953.0,SARIMA
Category,Home_Appliances,2017-07-01,4406931.0,SARIMA
Category,Home_Appliances,2017-08-01,4671317.0,SARIMA
Category,Home_Appliances,2017-09-01,5142645.0,SARIMA
Category,Home_Appliances,2017-10-01,4645915.0,SARIMA
Category,Home_Appliances,2017-11-01,6713885.0,SARIMA
Category,Home_Appliances,2017-12-01,5165136.0,SARIMA
Category,Home_Appliances,2018-01-01,0.0,SARIMA
Category,Kitchenware,2017-01-01,254.0,Naive
Category,Kitchenware,2017-02-01,254.0,Naive
Category,Kitchenware,2017-03-01,254.0,Naive
Category,Kitchenware,2017-04-01,254.0,Naive
Category,Kitchenware,2017-05-01,254.0,Naive
Category,Kitchenware,2017-06-01,254.0,Naive
Category,Kitchenware,2017-07-01,254.0,Naive
Category,Kitchenware,2017-08-01,254.0,Naive
Category,Kitchenware,2017-09-01,254.0,Naive
Category,Kitchenware,2017-10-01,254.0,Naive
Category,Kitchenware,2017-11-01,254.0,Naive
Category,Kitchenware,2017-12-01,254.0,Naive
Category,Lighting,2017-01-01,135.0,Holt-Winters
Category,Lighting,2017-02-01,158.0,Holt-Winters
Category,Lighting,2017-03-01,138.0,Holt-Winters
Category,Lighting,2017-04-01,133.0,Holt-Winters
Category,Lighting,2017-05-01,138.0,Holt-Winters
Category,Lighting,2017-06-01,150.0,Holt-Winters
Category,Lighting,2017-07-01,258.0,Holt-Winters
Category,Lighting,2017-08-01,112.0,Holt-Winters
Category,Lighting,2017-09-01,174.0,Holt-Winters
Category,Lighting,2017-10-01,78.0,Holt-Winters
Category,Lighting,2017-11-01,108.0,Holt-Winters
Category,Lighting,2017-12-01,63.0,Holt-Winters
Category,Medicine,2017-01-01,1776.0,Naive
Category,Medicine,2017-02-01,1776.0,Naive
Category,Medicine,2017-03-01,1776.0,Naive
Category,Medicine,2017-04-01,1776.0,Naive
Category,Medicine,2017-05-01,1776.0,Naive
Category,Medicine,2017-06-01,1776.0,Naive
Category,Medicine,2017-07-01,1776.0,Naive
Category,Medicine,2017-08-01,1776.0,Naive
Category,Medicine,2017-09-01,1776.0,Naive
Category,Medicine,2017-10-01,1776.0,Naive
Category,Medicine,2017-11-01,1776.0,Naive
Category,Medicine,2017-12-01,1776.0,Naive
Category,Mobile_Devices,2016-01-01,1491.0,Holt-Winters
Category,Mobile_Devices,2016-02-01,1448.0,Holt-Winters
Category,Mobile_Devices,2016-03-01,2287.0,Holt-Winters
Category,Mobile_Devices,2016-04-01,1604.0,Holt-Winters
Category,Mobile_Devices,2016-05-01,934.0,Holt-Winters
Category,Mobile_Devices,2016-06-01,2436.0,Holt-Winters
Category,Mobile_Devices,2016-07-01,1332.0,Holt-Winters
Category,Mobile_Devices,2016-08-01,2640.0,Holt-Winters
Category,Mobile_Devices,2016-09-01,2364.0,Holt-Winters
Category,Mobile_Devices,2016-10-01,1653.0,Holt-Winters
Category,Mobile_Devices,2016-11-01,1035.0,Holt-Winters
Category,Mobile_Devices,2016-12-01,2040.0,Holt-Winters
Category,Personal_Care,2017-02-01,500.0,Naive
Category,Personal_Care,2017-03-01,500.0,Naive
Category,Personal_Care,2017-04-01,500.0,Naive
Category,Personal_Care,2017-05-01,500.0,Naive
Category,Personal_Care,2017-06-01,500.0,Naive
Category,Personal_Care,2017-07-01,500.0,Naive
Category,Personal_Care,2017-08-01,500.0,Naive
Category,Personal_Care,2017-09-01,500.0,Naive
Category,Personal_Care,2017-10-01,500.0,Naive
Category,Personal_Care,2017-11-01,500.0,Naive
Category,Personal_Care,2017-12-01,500.0,Naive
Category,Personal_Care,2018-01-01,500.0,Naive
Category,Pet_Supplies,2017-01-01,132.0,Holt-Winters
Category,Pet_Supplies,2017-02-01,326.0,Holt-Winters
Category,Pet_Supplies,2017-03-01,469.0,Holt-Winters
Category,Pet_Supplies,2017-04-01,319.0,Holt-Winters
Category,Pet_Supplies,2017-05-01,462.0,Holt-Winters
Category,Pet_Supplies,2017-06-01,482.0,Holt-Winters
Category,Pet_Supplies,2017-07-01,323.0,Holt-Winters
Category,Pet_Supplies,2017-08-01,456.0,Holt-Winters
Category,Pet_Supplies,2017-09-01,539.0,Holt-Winters
Category,Pet_Supplies,2017-10-01,490.0,Holt-Winters
Category,Pet_Supplies,2017-11-01,589.0,Holt-Winters
Category,Pet_Supplies,2017-12-01,494.0,Holt-Winters
Category,Snacks,2017-02-01,507780.0,Holt-Winters
Category,Snacks,2017-03-01,571599.0,Holt-Winters
Category,Snacks,2017-04-01,538097.0,Holt-Winters
Category,Snacks,2017-05-01,535179.0,Holt-Winters
Category,Snacks,2017-06-01,672268.0,Holt-Winters
Category,Snacks,2017-07-01,530031.0,Holt-Winters
Category,Snacks,2017-08-01,509234.0,Holt-Winters
Category,Snacks,2017-09-01,571279.0,Holt-Winters
Category,Snacks,2017-10-01,675873.0,Holt-Winters
Category,Snacks,2017-11-01,624796.0,Holt-Winters
Category,Snacks,2017-12-01,772769.0,Holt-Winters
Category,Snacks,2018-01-01,437808.0,Holt-Winters
Category,Sports,2017-02-01,0.0,SARIMA
Category,Sports,2017-03-01,10761378.0,SARIMA
Category,Sports,2017-04-01,0.0,SARIMA
Category,Sports,2017-05-01,0.0,SARIMA
Category,Sports,2017-06-01,0.0,SARIMA
Category,Sports,2017-07-01,5163639.0,SARIMA
Category,Sports,2017-08-01,0.0,SARIMA
Category,Sports,2017-09-01,0.0,SARIMA
Category,Sports,2017-10-01,601548.0,SARIMA
Category,Sports,2017-11-01,5863376.0,SARIMA
Category,Sports,2017-12-01,0.0,SARIMA
Category,Sports,2018-01-01,0.0,SARIMA
Category,Toys,2017-01-01,709.0,SARIMA
Category,Toys,2017-02-01,693.0,SARIMA
Category,Toys,2017-03-01,814.0,SARIMA
Category,Toys,2017-04-01,744.0,SARIMA
Category,Toys,2017-05-01,704.0,SARIMA
Category,Toys,2017-06-01,816.0,SARIMA
Category,Toys,2017-07-01,662.0,SARIMA
Category,Toys,2017-08-01,621.0,SARIMA
Category,Toys,2017-09-01,741.0,SARIMA
Category,Toys,2017-10-01,630.0,SARIMA
Category,Toys,2017-11-01,895.0,SARIMA
Category,Toys,2017-12-01,727.0,SARIMA
Category,Travel_Accessories,2017-01-01,26757.0,Holt-Winters
Category,Travel_Accessories,2017-02-01,58885.0,Holt-Winters
Category,Travel_Accessories,2017-03-01,63817.0,Holt-Winters
Category,Travel_Accessories,2017-04-01,47469.0,Holt-Winters
Category,Travel_Accessories,2017-05-01,83751.0,Holt-Winters
Category,Travel_Accessories,2017-06-01,77520.0,Holt-Winters
Category,Travel_Accessories,2017-07-01,50208.0,Holt-Winters
Category,Travel_Accessories,2017-08-01,73914.0,Holt-Winters
Category,Travel_Accessories,2017-09-01,52551.0,Holt-Winters
Category,Travel_Accessories,2017-10-01,36468.0,Holt-Winters
Category,Travel_Accessories,2017-11-01,52292.0,Holt-Winters
Category,Travel_Accessories,2017-12-01,83643.0,Holt-Winters
