Level,Category_Name,Forecast_Month,Forecast_Demand,Model
Category,Automotive,2017-02-01,46869.0,Holt-Winters
Category,Automotive,2017-03-01,55808.0,Holt-Winters
Category,Automotive,2017-04-01,36260.0,Holt-Winters
Category,Automotive,2017-05-01,28452.0,Holt-Winters
Category,Automotive,2017-06-01,22655.0,Holt-Winters
Category,Automotive,2017-07-01,25605.0,Holt-Winters
Category,Automotive,2017-08-01,16026.0,Holt-Winters
Category,Automotive,2017-09-01,22206.0,Holt-Winters
Category,Automotive,2017-10-01,26238.0,Holt-Winters
Category,Automotive,2017-11-01,14202.0,Holt-Winters
Category,Automotive,2017-12-01,0.0,Holt-Winters
Category,Automotive,2018-01-01,3472.0,Holt-Winters
Category,Beauty,2017-02-01,11262.0,Holt-Winters
Category,Beauty,2017-03-01,15892.0,Holt-Winters
Category,Beauty,2017-04-01,14360.0,Holt-Winters
Category,Beauty,2017-05-01,10669.0,Holt-Winters
Category,Beauty,2017-06-01,11680.0,Holt-Winters
Category,Beauty,2017-07-01,12064.0,Holt-Winters
Category,Beauty,2017-08-01,12249.0,Holt-Winters
Category,Beauty,2017-09-01,16372.0,Holt-Winters
Category,Beauty,2017-10-01,11432.0,Holt-Winters
Category,Beauty,2017-11-01,15851.0,Holt-Winters
Category,Beauty,2017-12-01,10308.0,Holt-Winters
Category,Beauty,2018-01-01,10566.0,Holt-Winters
Category,Beverages,2016-01-01,20.0,Holt-Winters
Category,Beverages,2016-02-01,2.0,Holt-Winters
Category,Beverages,2016-03-01,31.0,Holt-Winters
Category,Beverages,2016-04-01,4.0,Holt-Winters
Category,Beverages,2016-05-01,16.0,Holt-Winters
Category,Beverages,2016-06-01,24.0,Holt-Winters
Category,Beverages,2016-07-01,9.0,Holt-Winters
Category,Beverages,2016-08-01,15.0,Holt-Winters
Category,Beverages,2016-09-01,17.0,Holt-Winters
Category,Beverages,2016-10-01,34.0,Holt-Winters
Category,Beverages,2016-11-01,12.0,Holt-Winters
Category,Beverages,2016-12-01,26.0,Holt-Winters
Category,Books,2017-01-01,561.0,Holt-Winters
Category,Books,2017-02-01,1224.0,Holt-Winters
Category,Books,2017-03-01,565.0,Holt-Winters
Category,Books,2017-04-01,990.0,Holt-Winters
Category,Books,2017-05-01,1285.0,Holt-Winters
Category,Books,2017-06-01,870.0,Holt-Winters
Category,Books,2017-07-01,1064.0,Holt-Winters
Category,Books,2017-08-01,542.0,Holt-Winters
Category,Books,2017-09-01,1361.0,Holt-Winters
Category,Books,2017-10-01,1351.0,Holt-Winters
Category,Books,2017-11-01,541.0,Holt-Winters
Category,Books,2017-12-01,495.0,Holt-Winters
Category,Cleaning_Supplies,2017-01-01,14577.0,Holt-Winters
Category,Cleaning_Supplies,2017-02-01,12128.0,Holt-Winters
Category,Cleaning_Supplies,2017-03-01,18446.0,Holt-Winters
Category,Cleaning_Supplies,2017-04-01,20663.0,Holt-Winters
Category,Cleaning_Supplies,2017-05-01,15234.0,Holt-Winters
Category,Cleaning_Supplies,2017-06-01,15356.0,Holt-Winters
Category,Cleaning_Supplies,2017-07-01,15332.0,Holt-Winters
Category,Cleaning_Supplies,2017-08-01,16127.0,Holt-Winters
Category,Cleaning_Supplies,2017-09-01,15871.0,Holt-Winters
Category,Cleaning_Supplies,2017-10-01,27167.0,Holt-Winters
Category,Cleaning_Supplies,2017-11-01,13272.0,Holt-Winters
Category,Cleaning_Supplies,2017-12-01,14616.0,Holt-Winters
Category,Clothing,2017-01-01,6220.0,Holt-Winters
Category,Clothing,2017-02-01,14836.0,Holt-Winters
Category,Clothing,2017-03-01,19416.0,Holt-Winters
Category,Clothing,2017-04-01,20363.0,Holt-Winters
Category,Clothing,2017-05-01,1925.0,Holt-Winters
Category,Clothing,2017-06-01,28968.0,Holt-Winters
Category,Clothing,2017-07-01,0.0,Holt-Winters
Category,Clothing,2017-08-01,0.0,Holt-Winters
Category,Clothing,2017-09-01,17007.0,Holt-Winters
Category,Clothing,2017-10-01,0.0,Holt-Winters
Category,Clothing,2017-11-01,1059.0,Holt-Winters
Category,Clothing,2017-12-01,0.0,Holt-Winters
Category,Computers,2017-02-01,2219003.0,Holt-Winters
Category,Computers,2017-03-01,2547242.0,Holt-Winters
Category,Computers,2017-04-01,2161976.0,Holt-Winters
Category,Computers,2017-05-01,2218584.0,Holt-Winters
Category,Computers,2017-06-01,2121438.0,Holt-Winters
Category,Computers,2017-07-01,2136626.0,Holt-Winters
Category,Computers,2017-08-01,1725670.0,Holt-Winters
Category,Computers,2017-09-01,2114440.0,Holt-Winters
Category,Computers,2017-10-01,2360216.0,Holt-Winters
Category,Computers,2017-11-01,2147368.0,Holt-Winters
Category,Computers,2017-12-01,2086490.0,Holt-Winters
Category,Computers,2018-01-01,2413169.0,Holt-Winters
Category,Dairy,2017-02-01,3812.0,Holt-Winters
Category,Dairy,2017-03-01,4940.0,Holt-Winters
Category,Dairy,2017-04-01,4473.0,Holt-Winters
Category,Dairy,2017-05-01,3549.0,Holt-Winters
Category,Dairy,2017-06-01,3280.0,Holt-Winters
Category,Dairy,2017-07-01,3102.0,Holt-Winters
Category,Dairy,2017-08-01,4212.0,Holt-Winters
Category,Dairy,2017-09-01,3035.0,Holt-Winters
Category,Dairy,2017-10-01,3324.0,Holt-Winters
Category,Dairy,2017-11-01,3026.0,Holt-Winters
Category,Dairy,2017-12-01,2675.0,Holt-Winters
Category,Dairy,2018-01-01,1997.0,Holt-Winters
Category,Electricals,2017-01-01,75187.0,Holt-Winters
Category,Electricals,2017-02-01,59789.0,Holt-Winters
Category,Electricals,2017-03-01,64631.0,Holt-Winters
Category,Electricals,2017-04-01,46986.0,Holt-Winters
Category,Electricals,2017-05-01,39566.0,Holt-Winters
Category,Electricals,2017-06-01,52520.0,Holt-Winters
Category,Electricals,2017-07-01,75940.0,Holt-Winters
Category,Electricals,2017-08-01,44551.0,Holt-Winters
Category,Electricals,2017-09-01,41337.0,Holt-Winters
Category,Electricals,2017-10-01,34777.0,Holt-Winters
Category,Electricals,2017-11-01,41381.0,Holt-Winters
Category,Electricals,2017-12-01,86534.0,Holt-Winters
Category,Electronics,2017-01-01,1390.0,Holt-Winters
Category,Electronics,2017-02-01,2291.0,Holt-Winters
Category,Electronics,2017-03-01,3712.0,Holt-Winters
Category,Electronics,2017-04-01,1181.0,Holt-Winters
Category,Electronics,2017-05-01,2814.0,Holt-Winters
Category,Electronics,2017-06-01,3146.0,Holt-Winters
Category,Electronics,2017-07-01,1713.0,Holt-Winters
Category,Electronics,2017-08-01,1714.0,Holt-Winters
Category,Electronics,2017-09-01,2091.0,Holt-Winters
Category,Electronics,2017-10-01,2600.0,Holt-Winters
Category,Electronics,2017-11-01,2875.0,Holt-Winters
Category,Electronics,2017-12-01,2885.0,Holt-Winters
Category,Fitness,2017-02-01,0.0,Holt-Winters
Category,Fitness,2017-03-01,19225.0,Holt-Winters
Category,Fitness,2017-04-01,26937.0,Holt-Winters
Category,Fitness,2017-05-01,0.0,Holt-Winters
Category,Fitness,2017-06-01,35276.0,Holt-Winters
Category,Fitness,2017-07-01,89.0,Holt-Winters
Category,Fitness,2017-08-01,18044.0,Holt-Winters
Category,Fitness,2017-09-01,13678.0,Holt-Winters
Category,Fitness,2017-10-01,10474.0,Holt-Winters
Category,Fitness,2017-11-01,37235.0,Holt-Winters
Category,Fitness,2017-12-01,13040.0,Holt-Winters
Category,Fitness,2018-01-01,14379.0,Holt-Winters
Category,Food,2017-02-01,32005.0,Holt-Winters
Category,Food,2017-03-01,34215.0,Holt-Winters
Category,Food,2017-04-01,26711.0,Holt-Winters
Category,Food,2017-05-01,23526.0,Holt-Winters
Category,Food,2017-06-01,27028.0,Holt-Winters
Category,Food,2017-07-01,27205.0,Holt-Winters
Category,Food,2017-08-01,22328.0,Holt-Winters
Category,Food,2017-09-01,21773.0,Holt-Winters
Category,Food,2017-10-01,25041.0,Holt-Winters
Category,Food,2017-11-01,22043.0,Holt-Winters
Category,Food,2017-12-01,22384.0,Holt-Winters
Category,Food,2018-01-01,18540.0,Holt-Winters
Category,Footwear,2017-01-01,149.0,Holt-Winters
Category,Footwear,2017-02-01,277.0,Holt-Winters
Category,Footwear,2017-03-01,258.0,Holt-Winters
Category,Footwear,2017-04-01,303.0,Holt-Winters
Category,Footwear,2017-05-01,437.0,Holt-Winters
Category,Footwear,2017-06-01,457.0,Holt-Winters
Category,Footwear,2017-07-01,604.0,Holt-Winters
Category,Footwear,2017-08-01,364.0,Holt-Winters
Category,Footwear,2017-09-01,237.0,Holt-Winters
Category,Footwear,2017-10-01,271.0,Holt-Winters
Category,Footwear,2017-11-01,419.0,Holt-Winters
Category,Footwear,2017-12-01,193.0,Holt-Winters
Category,Furniture,2017-02-01,1836742.0,Holt-Winters
Category,Furniture,2017-03-01,2511156.0,Holt-Winters
Category,Furniture,2017-04-01,2098931.0,Holt-Winters
Category,Furniture,2017-05-01,1221328.0,Holt-Winters
Category,Furniture,2017-06-01,1232959.0,Holt-Winters
Category,Furniture,2017-07-01,605456.0,Holt-Winters
Category,Furniture,2017-08-01,1411456.0,Holt-Winters
Category,Furniture,2017-09-01,962055.0,Holt-Winters
Category,Furniture,2017-10-01,1472591.0,Holt-Winters
Category,Furniture,2017-11-01,1054813.0,Holt-Winters
Category,Furniture,2017-12-01,791474.0,Holt-Winters
Category,Furniture,2018-01-01,1081491.0,Holt-Winters
Category,Gardening,2017-01-01,601926.0,Holt-Winters
Category,Gardening,2017-02-01,702017.0,Holt-Winters
Category,Gardening,2017-03-01,763912.0,Holt-Winters
Category,Gardening,2017-04-01,600621.0,Holt-Winters
Category,Gardening,2017-05-01,608189.0,Holt-Winters
Category,Gardening,2017-06-01,664279.0,Holt-Winters
Category,Gardening,2017-07-01,761639.0,Holt-Winters
Category,Gardening,2017-08-01,931409.0,Holt-Winters
Category,Gardening,2017-09-01,678880.0,Holt-Winters
Category,Gardening,2017-10-01,723321.0,Holt-Winters
Category,Gardening,2017-11-01,637339.0,Holt-Winters
Category,Gardening,2017-12-01,724105.0,Holt-Winters
Category,General_Merchandise,2017-01-01,790455.0,Holt-Winters
Category,General_Merchandise,2017-02-01,830901.0,Holt-Winters
Category,General_Merchandise,2017-03-01,863223.0,Holt-Winters
Category,General_Merchandise,2017-04-01,853858.0,Holt-Winters
Category,General_Merchandise,2017-05-01,799494.0,Holt-Winters
Category,General_Merchandise,2017-06-01,890039.0,Holt-Winters
Category,General_Merchandise,2017-07-01,923261.0,Holt-Winters
Category,General_Merchandise,2017-08-01,790280.0,Holt-Winters
Category,General_Merchandise,2017-09-01,880271.0,Holt-Winters
Category,General_Merchandise,2017-10-01,899483.0,Holt-Winters
Category,General_Merchandise,2017-11-01,890192.0,Holt-Winters
Category,General_Merchandise,2017-12-01,928632.0,Holt-Winters
Category,Hardware,2017-01-01,6460.0,Holt-Winters
Category,Hardware,2017-02-01,1674.0,Holt-Winters
Category,Hardware,2017-03-01,5511.0,Holt-Winters
Category,Hardware,2017-04-01,3515.0,Holt-Winters
Category,Hardware,2017-05-01,4833.0,Holt-Winters
Category,Hardware,2017-06-01,3658.0,Holt-Winters
Category,Hardware,2017-07-01,5881.0,Holt-Winters
Category,Hardware,2017-08-01,6451.0,Holt-Winters
Category,Hardware,2017-09-01,5717.0,Holt-Winters
Category,Hardware,2017-10-01,3938.0,Holt-Winters
Category,Hardware,2017-11-01,4892.0,Holt-Winters
Category,Hardware,2017-12-01,1896.0,Holt-Winters
Category,Healthcare,2017-02-01,0.0,Holt-Winters
Category,Healthcare,2017-03-01,0.0,Holt-Winters
Category,Healthcare,2017-04-01,301.0,Holt-Winters
Category,Healthcare,2017-05-01,332.0,Holt-Winters
Category,Healthcare,2017-06-01,133.0,Holt-Winters
Category,Healthcare,2017-07-01,94.0,Holt-Winters
Category,Healthcare,2017-08-01,0.0,Holt-Winters
Category,Healthcare,2017-09-01,373.0,Holt-Winters
Category,Healthcare,2017-10-01,1294.0,Holt-Winters
Category,Healthcare,2017-11-01,1277.0,Holt-Winters
Category,Healthcare,2017-12-01,809.0,Holt-Winters
Category,Healthcare,2018-01-01,463.0,Holt-Winters
Category,Home_Appliances,2017-02-01,4148110.0,Holt-Winters
Category,Home_Appliances,2017-03-01,3749313.0,Holt-Winters
Category,Home_Appliances,2017-04-01,3415177.0,Holt-Winters
Category,Home_Appliances,2017-05-01,3641567.0,Holt-Winters
Category,Home_Appliances,2017-06-01,4196265.0,Holt-Winters
Category,Home_Appliances,2017-07-01,3384628.0,Holt-Winters
Category,Home_Appliances,2017-08-01,2977971.0,Holt-Winters
Category,Home_Appliances,2017-09-01,2987376.0,Holt-Winters
Category,Home_Appliances,2017-10-01,3468270.0,Holt-Winters
Category,Home_Appliances,2017-11-01,4178733.0,Holt-Winters
Category,Home_Appliances,2017-12-01,2963509.0,Holt-Winters
Category,Home_Appliances,2018-01-01,2595453.0,Holt-Winters
Category,Kitchenware,2017-01-01,406.0,Holt-Winters
Category,Kitchenware,2017-02-01,262.0,Holt-Winters
Category,Kitchenware,2017-03-01,320.0,Holt-Winters
Category,Kitchenware,2017-04-01,378.0,Holt-Winters
Category,Kitchenware,2017-05-01,298.0,Holt-Winters
Category,Kitchenware,2017-06-01,232.0,Holt-Winters
Category,Kitchenware,2017-07-01,285.0,Holt-Winters
Category,Kitchenware,2017-08-01,331.0,Holt-Winters
Category,Kitchenware,2017-09-01,176.0,Holt-Winters
Category,Kitchenware,2017-10-01,287.0,Holt-Winters
Category,Kitchenware,2017-11-01,391.0,Holt-Winters
Category,Kitchenware,2017-12-01,293.0,Holt-Winters
Category,Lighting,2017-01-01,135.0,Holt-Winters
Category,Lighting,2017-02-01,158.0,Holt-Winters
Category,Lighting,2017-03-01,138.0,Holt-Winters
Category,Lighting,2017-04-01,133.0,Holt-Winters
Category,Lighting,2017-05-01,138.0,Holt-Winters
Category,Lighting,2017-06-01,150.0,Holt-Winters
Category,Lighting,2017-07-01,258.0,Holt-Winters
Category,Lighting,2017-08-01,112.0,Holt-Winters
Category,Lighting,2017-09-01,174.0,Holt-Winters
Category,Lighting,2017-10-01,78.0,Holt-Winters
Category,Lighting,2017-11-01,108.0,Holt-Winters
Category,Lighting,2017-12-01,63.0,Holt-Winters
Category,Medicine,2017-01-01,0.0,Holt-Winters
Category,Medicine,2017-02-01,1344.0,Holt-Winters
Category,Medicine,2017-03-01,1446.0,Holt-Winters
Category,Medicine,2017-04-01,240.0,Holt-Winters
Category,Medicine,2017-05-01,2068.0,Holt-Winters
Category,Medicine,2017-06-01,0.0,Holt-Winters
Category,Medicine,2017-07-01,409.0,Holt-Winters
Category,Medicine,2017-08-01,0.0,Holt-Winters
Category,Medicine,2017-09-01,889.0,Holt-Winters
Category,Medicine,2017-10-01,6979.0,Holt-Winters
Category,Medicine,2017-11-01,4800.0,Holt-Winters
Category,Medicine,2017-12-01,0.0,Holt-Winters
Category,Mobile_Devices,2016-01-01,1491.0,Holt-Winters
Category,Mobile_Devices,2016-02-01,1448.0,Holt-Winters
Category,Mobile_Devices,2016-03-01,2287.0,Holt-Winters
Category,Mobile_Devices,2016-04-01,1604.0,Holt-Winters
Category,Mobile_Devices,2016-05-01,934.0,Holt-Winters
Category,Mobile_Devices,2016-06-01,2436.0,Holt-Winters
Category,Mobile_Devices,2016-07-01,1332.0,Holt-Winters
Category,Mobile_Devices,2016-08-01,2640.0,Holt-Winters
Category,Mobile_Devices,2016-09-01,2364.0,Holt-Winters
Category,Mobile_Devices,2016-10-01,1653.0,Holt-Winters
Category,Mobile_Devices,2016-11-01,1035.0,Holt-Winters
Category,Mobile_Devices,2016-12-01,2040.0,Holt-Winters
Category,Personal_Care,2017-02-01,74840.0,Holt-Winters
Category,Personal_Care,2017-03-01,59370.0,Holt-Winters
Category,Personal_Care,2017-04-01,63256.0,Holt-Winters
Category,Personal_Care,2017-05-01,51245.0,Holt-Winters
Category,Personal_Care,2017-06-01,61775.0,Holt-Winters
Category,Personal_Care,2017-07-01,54026.0,Holt-Winters
Category,Personal_Care,2017-08-01,50904.0,Holt-Winters
Category,Personal_Care,2017-09-01,63129.0,Holt-Winters
Category,Personal_Care,2017-10-01,55030.0,Holt-Winters
Category,Personal_Care,2017-11-01,68966.0,Holt-Winters
Category,Personal_Care,2017-12-01,51470.0,Holt-Winters
Category,Personal_Care,2018-01-01,58454.0,Holt-Winters
Category,Pet_Supplies,2017-01-01,132.0,Holt-Winters
Category,Pet_Supplies,2017-02-01,326.0,Holt-Winters
Category,Pet_Supplies,2017-03-01,469.0,Holt-Winters
Category,Pet_Supplies,2017-04-01,319.0,Holt-Winters
Category,Pet_Supplies,2017-05-01,462.0,Holt-Winters
Category,Pet_Supplies,2017-06-01,482.0,Holt-Winters
Category,Pet_Supplies,2017-07-01,323.0,Holt-Winters
Category,Pet_Supplies,2017-08-01,456.0,Holt-Winters
Category,Pet_Supplies,2017-09-01,539.0,Holt-Winters
Category,Pet_Supplies,2017-10-01,490.0,Holt-Winters
Category,Pet_Supplies,2017-11-01,589.0,Holt-Winters
Category,Pet_Supplies,2017-12-01,494.0,Holt-Winters
Category,Snacks,2017-02-01,507780.0,Holt-Winters
Category,Snacks,2017-03-01,571599.0,Holt-Winters
Category,Snacks,2017-04-01,538097.0,Holt-Winters
Category,Snacks,2017-05-01,535179.0,Holt-Winters
Category,Snacks,2017-06-01,672268.0,Holt-Winters
Category,Snacks,2017-07-01,530031.0,Holt-Winters
Category,Snacks,2017-08-01,509234.0,Holt-Winters
Category,Snacks,2017-09-01,571279.0,Holt-Winters
Category,Snacks,2017-10-01,675873.0,Holt-Winters
Category,Snacks,2017-11-01,624796.0,Holt-Winters
Category,Snacks,2017-12-01,772769.0,Holt-Winters
Category,Snacks,2018-01-01,437808.0,Holt-Winters
Category,Sports,2017-02-01,2326219.0,Holt-Winters
Category,Sports,2017-03-01,8836378.0,Holt-Winters
Category,Sports,2017-04-01,0.0,Holt-Winters
Category,Sports,2017-05-01,0.0,Holt-Winters
Category,Sports,2017-06-01,0.0,Holt-Winters
Category,Sports,2017-07-01,0.0,Holt-Winters
Category,Sports,2017-08-01,0.0,Holt-Winters
Category,Sports,2017-09-01,0.0,Holt-Winters
Category,Sports,2017-10-01,0.0,Holt-Winters
Category,Sports,2017-11-01,0.0,Holt-Winters
Category,Sports,2017-12-01,0.0,Holt-Winters
Category,Sports,2018-01-01,0.0,Holt-Winters
Category,Toys,2017-01-01,638.0,Holt-Winters
Category,Toys,2017-02-01,894.0,Holt-Winters
Category,Toys,2017-03-01,983.0,Holt-Winters
Category,Toys,2017-04-01,1069.0,Holt-Winters
Category,Toys,2017-05-01,794.0,Holt-Winters
Category,Toys,2017-06-01,912.0,Holt-Winters
Category,Toys,2017-07-01,812.0,Holt-Winters
Category,Toys,2017-08-01,712.0,Holt-Winters
Category,Toys,2017-09-01,921.0,Holt-Winters
Category,Toys,2017-10-01,732.0,Holt-Winters
Category,Toys,2017-11-01,946.0,Holt-Winters
Category,Toys,2017-12-01,701.0,Holt-Winters
Category,Travel_Accessories,2017-01-01,26757.0,Holt-Winters
Category,Travel_Accessories,2017-02-01,58885.0,Holt-Winters
Category,Travel_Accessories,2017-03-01,63817.0,Holt-Winters
Category,Travel_Accessories,2017-04-01,47469.0,Holt-Winters
Category,Travel_Accessories,2017-05-01,83751.0,Holt-Winters
Category,Travel_Accessories,2017-06-01,77520.0,Holt-Winters
Category,Travel_Accessories,2017-07-01,50208.0,Holt-Winters
Category,Travel_Accessories,2017-08-01,73914.0,Holt-Winters
Category,Travel_Accessories,2017-09-01,52551.0,Holt-Winters
Category,Travel_Accessories,2017-10-01,36468.0,Holt-Winters
Category,Travel_Accessories,2017-11-01,52292.0,Holt-Winters
Category,Travel_Accessories,2017-12-01,83643.0,Holt-Winters
