Level,Category_Name,Product_Name,Forecast_Month,Forecast_Demand
Category,Automotive,ALL,2017-02-01,127598.0
Category,Automotive,ALL,2017-03-01,106333.0
Category,Automotive,ALL,2017-04-01,104047.0
Category,Automotive,ALL,2017-05-01,78411.0
Category,Automotive,ALL,2017-06-01,96493.0
Category,Automotive,ALL,2017-07-01,74484.0
Category,Automotive,ALL,2017-08-01,78064.0
Category,Automotive,ALL,2017-09-01,106456.0
Category,Automotive,ALL,2017-10-01,99195.0
Category,Automotive,ALL,2017-11-01,109894.0
Category,Automotive,ALL,2017-12-01,78800.0
Category,Automotive,ALL,2018-01-01,24019.0
Category,Beauty,ALL,2017-02-01,2439.0
Category,Beauty,ALL,2017-03-01,4904.0
Category,Beauty,ALL,2017-04-01,7723.0
Category,Beauty,ALL,2017-05-01,4271.0
Category,Beauty,ALL,2017-06-01,5720.0
Category,Beauty,ALL,2017-07-01,5224.0
Category,Beauty,ALL,2017-08-01,4932.0
Category,Beauty,ALL,2017-09-01,4319.0
Category,Beauty,ALL,2017-10-01,4551.0
Category,Beauty,ALL,2017-11-01,4411.0
Category,Beauty,ALL,2017-12-01,4517.0
Category,Beauty,ALL,2018-01-01,1702.0
Category,Beverages,ALL,2016-01-01,10.0
Category,Beverages,ALL,2016-02-01,11.0
Category,Beverages,ALL,2016-03-01,0.0
Category,Beverages,ALL,2016-04-01,12.0
Category,Beverages,ALL,2016-05-01,53.0
Category,Beverages,ALL,2016-06-01,24.0
Category,Beverages,ALL,2016-07-01,6.0
Category,Beverages,ALL,2016-08-01,0.0
Category,Beverages,ALL,2016-09-01,14.0
Category,Beverages,ALL,2016-10-01,47.0
Category,Beverages,ALL,2016-11-01,5.0
Category,Beverages,ALL,2016-12-01,54.0
Category,Books,ALL,2017-01-01,1178.0
Category,Books,ALL,2017-02-01,0.0
Category,Books,ALL,2017-03-01,0.0
Category,Books,ALL,2017-04-01,1649.0
Category,Books,ALL,2017-05-01,0.0
Category,Books,ALL,2017-06-01,0.0
Category,Books,ALL,2017-07-01,869.0
Category,Books,ALL,2017-08-01,1300.0
Category,Books,ALL,2017-09-01,3343.0
Category,Books,ALL,2017-10-01,139.0
Category,Books,ALL,2017-11-01,584.0
Category,Books,ALL,2017-12-01,347.0
Category,Cleaning_Supplies,ALL,2017-01-01,15285.0
Category,Cleaning_Supplies,ALL,2017-02-01,13466.0
Category,Cleaning_Supplies,ALL,2017-03-01,20503.0
Category,Cleaning_Supplies,ALL,2017-04-01,32195.0
Category,Cleaning_Supplies,ALL,2017-05-01,13636.0
Category,Cleaning_Supplies,ALL,2017-06-01,14982.0
Category,Cleaning_Supplies,ALL,2017-07-01,14227.0
Category,Cleaning_Supplies,ALL,2017-08-01,14199.0
Category,Cleaning_Supplies,ALL,2017-09-01,21401.0
Category,Cleaning_Supplies,ALL,2017-10-01,41333.0
Category,Cleaning_Supplies,ALL,2017-11-01,13484.0
Category,Cleaning_Supplies,ALL,2017-12-01,14811.0
Category,Clothing,ALL,2017-01-01,0.0
Category,Clothing,ALL,2017-02-01,0.0
Category,Clothing,ALL,2017-03-01,11759.0
Category,Clothing,ALL,2017-04-01,9728.0
Category,Clothing,ALL,2017-05-01,0.0
Category,Clothing,ALL,2017-06-01,3105.0
Category,Clothing,ALL,2017-07-01,765.0
Category,Clothing,ALL,2017-08-01,3114.0
Category,Clothing,ALL,2017-09-01,0.0
Category,Clothing,ALL,2017-10-01,1778.0
Category,Clothing,ALL,2017-11-01,16833.0
Category,Clothing,ALL,2017-12-01,0.0
Category,Computers,ALL,2017-02-01,1520976.0
Category,Computers,ALL,2017-03-01,1300556.0
Category,Computers,ALL,2017-04-01,1577641.0
Category,Computers,ALL,2017-05-01,1273973.0
Category,Computers,ALL,2017-06-01,1208917.0
Category,Computers,ALL,2017-07-01,1103033.0
Category,Computers,ALL,2017-08-01,1511391.0
Category,Computers,ALL,2017-09-01,1135373.0
Category,Computers,ALL,2017-10-01,912366.0
Category,Computers,ALL,2017-11-01,1212656.0
Category,Computers,ALL,2017-12-01,2483828.0
Category,Computers,ALL,2018-01-01,0.0
Category,Dairy,ALL,2017-02-01,3529.0
Category,Dairy,ALL,2017-03-01,4563.0
Category,Dairy,ALL,2017-04-01,4360.0
Category,Dairy,ALL,2017-05-01,3638.0
Category,Dairy,ALL,2017-06-01,3499.0
Category,Dairy,ALL,2017-07-01,3447.0
Category,Dairy,ALL,2017-08-01,4102.0
Category,Dairy,ALL,2017-09-01,3585.0
Category,Dairy,ALL,2017-10-01,3958.0
Category,Dairy,ALL,2017-11-01,3447.0
Category,Dairy,ALL,2017-12-01,3476.0
Category,Dairy,ALL,2018-01-01,1890.0
Category,Electricals,ALL,2017-01-01,69515.0
Category,Electricals,ALL,2017-02-01,51223.0
Category,Electricals,ALL,2017-03-01,58583.0
Category,Electricals,ALL,2017-04-01,44787.0
Category,Electricals,ALL,2017-05-01,39313.0
Category,Electricals,ALL,2017-06-01,47074.0
Category,Electricals,ALL,2017-07-01,58399.0
Category,Electricals,ALL,2017-08-01,39224.0
Category,Electricals,ALL,2017-09-01,40592.0
Category,Electricals,ALL,2017-10-01,32457.0
Category,Electricals,ALL,2017-11-01,36400.0
Category,Electricals,ALL,2017-12-01,67032.0
Category,Electronics,ALL,2017-01-01,3172.0
Category,Electronics,ALL,2017-02-01,3851.0
Category,Electronics,ALL,2017-03-01,5075.0
Category,Electronics,ALL,2017-04-01,3349.0
Category,Electronics,ALL,2017-05-01,4324.0
Category,Electronics,ALL,2017-06-01,4895.0
Category,Electronics,ALL,2017-07-01,3739.0
Category,Electronics,ALL,2017-08-01,3695.0
Category,Electronics,ALL,2017-09-01,4072.0
Category,Electronics,ALL,2017-10-01,4236.0
Category,Electronics,ALL,2017-11-01,4356.0
Category,Electronics,ALL,2017-12-01,4767.0
Category,Fitness,ALL,2017-02-01,0.0
Category,Fitness,ALL,2017-03-01,18091.0
Category,Fitness,ALL,2017-04-01,25745.0
Category,Fitness,ALL,2017-05-01,0.0
Category,Fitness,ALL,2017-06-01,24845.0
Category,Fitness,ALL,2017-07-01,0.0
Category,Fitness,ALL,2017-08-01,9523.0
Category,Fitness,ALL,2017-09-01,17884.0
Category,Fitness,ALL,2017-10-01,3193.0
Category,Fitness,ALL,2017-11-01,58862.0
Category,Fitness,ALL,2017-12-01,0.0
Category,Fitness,ALL,2018-01-01,0.0
Category,Food,ALL,2017-02-01,51158.0
Category,Food,ALL,2017-03-01,23963.0
Category,Food,ALL,2017-04-01,38564.0
Category,Food,ALL,2017-05-01,19822.0
Category,Food,ALL,2017-06-01,36105.0
Category,Food,ALL,2017-07-01,26397.0
Category,Food,ALL,2017-08-01,25683.0
Category,Food,ALL,2017-09-01,27775.0
Category,Food,ALL,2017-10-01,27008.0
Category,Food,ALL,2017-11-01,30193.0
Category,Food,ALL,2017-12-01,38228.0
Category,Food,ALL,2018-01-01,705.0
Category,Footwear,ALL,2017-01-01,91.0
Category,Footwear,ALL,2017-02-01,230.0
Category,Footwear,ALL,2017-03-01,237.0
Category,Footwear,ALL,2017-04-01,262.0
Category,Footwear,ALL,2017-05-01,582.0
Category,Footwear,ALL,2017-06-01,550.0
Category,Footwear,ALL,2017-07-01,151.0
Category,Footwear,ALL,2017-08-01,250.0
Category,Footwear,ALL,2017-09-01,215.0
Category,Footwear,ALL,2017-10-01,204.0
Category,Footwear,ALL,2017-11-01,675.0
Category,Footwear,ALL,2017-12-01,114.0
Category,Furniture,ALL,2017-02-01,2168516.0
Category,Furniture,ALL,2017-03-01,3471126.0
Category,Furniture,ALL,2017-04-01,3075350.0
Category,Furniture,ALL,2017-05-01,990627.0
Category,Furniture,ALL,2017-06-01,2053805.0
Category,Furniture,ALL,2017-07-01,1691550.0
Category,Furniture,ALL,2017-08-01,1710276.0
Category,Furniture,ALL,2017-09-01,2402001.0
Category,Furniture,ALL,2017-10-01,1758591.0
Category,Furniture,ALL,2017-11-01,1328113.0
Category,Furniture,ALL,2017-12-01,1771754.0
Category,Furniture,ALL,2018-01-01,662486.0
Category,Gardening,ALL,2017-01-01,519557.0
Category,Gardening,ALL,2017-02-01,647676.0
Category,Gardening,ALL,2017-03-01,706910.0
Category,Gardening,ALL,2017-04-01,536891.0
Category,Gardening,ALL,2017-05-01,524290.0
Category,Gardening,ALL,2017-06-01,556485.0
Category,Gardening,ALL,2017-07-01,667113.0
Category,Gardening,ALL,2017-08-01,765213.0
Category,Gardening,ALL,2017-09-01,589651.0
Category,Gardening,ALL,2017-10-01,641832.0
Category,Gardening,ALL,2017-11-01,639274.0
Category,Gardening,ALL,2017-12-01,745277.0
Category,General_Merchandise,ALL,2017-01-01,937263.0
Category,General_Merchandise,ALL,2017-02-01,690542.0
Category,General_Merchandise,ALL,2017-03-01,922274.0
Category,General_Merchandise,ALL,2017-04-01,871489.0
Category,General_Merchandise,ALL,2017-05-01,706223.0
Category,General_Merchandise,ALL,2017-06-01,887070.0
Category,General_Merchandise,ALL,2017-07-01,1124378.0
Category,General_Merchandise,ALL,2017-08-01,810727.0
Category,General_Merchandise,ALL,2017-09-01,866159.0
Category,General_Merchandise,ALL,2017-10-01,979863.0
Category,General_Merchandise,ALL,2017-11-01,967023.0
Category,General_Merchandise,ALL,2017-12-01,971646.0
Category,Hardware,ALL,2017-01-01,4662.0
Category,Hardware,ALL,2017-02-01,0.0
Category,Hardware,ALL,2017-03-01,3313.0
Category,Hardware,ALL,2017-04-01,1639.0
Category,Hardware,ALL,2017-05-01,1538.0
Category,Hardware,ALL,2017-06-01,1749.0
Category,Hardware,ALL,2017-07-01,1587.0
Category,Hardware,ALL,2017-08-01,3595.0
Category,Hardware,ALL,2017-09-01,305.0
Category,Hardware,ALL,2017-10-01,0.0
Category,Hardware,ALL,2017-11-01,272.0
Category,Hardware,ALL,2017-12-01,930.0
Category,Healthcare,ALL,2017-02-01,0.0
Category,Healthcare,ALL,2017-03-01,392.0
Category,Healthcare,ALL,2017-04-01,495.0
Category,Healthcare,ALL,2017-05-01,1151.0
Category,Healthcare,ALL,2017-06-01,584.0
Category,Healthcare,ALL,2017-07-01,427.0
Category,Healthcare,ALL,2017-08-01,172.0
Category,Healthcare,ALL,2017-09-01,1174.0
Category,Healthcare,ALL,2017-10-01,5570.0
Category,Healthcare,ALL,2017-11-01,2996.0
Category,Healthcare,ALL,2017-12-01,3313.0
Category,Healthcare,ALL,2018-01-01,2378.0
Category,Home_Appliances,ALL,2017-02-01,3925101.0
Category,Home_Appliances,ALL,2017-03-01,4510330.0
Category,Home_Appliances,ALL,2017-04-01,4575592.0
Category,Home_Appliances,ALL,2017-05-01,5683317.0
Category,Home_Appliances,ALL,2017-06-01,6587953.0
Category,Home_Appliances,ALL,2017-07-01,4406931.0
Category,Home_Appliances,ALL,2017-08-01,4671317.0
Category,Home_Appliances,ALL,2017-09-01,5142645.0
Category,Home_Appliances,ALL,2017-10-01,4645915.0
Category,Home_Appliances,ALL,2017-11-01,6713885.0
Category,Home_Appliances,ALL,2017-12-01,5165136.0
Category,Home_Appliances,ALL,2018-01-01,0.0
Category,Kitchenware,ALL,2017-01-01,594.0
Category,Kitchenware,ALL,2017-02-01,289.0
Category,Kitchenware,ALL,2017-03-01,310.0
Category,Kitchenware,ALL,2017-04-01,403.0
Category,Kitchenware,ALL,2017-05-01,343.0
Category,Kitchenware,ALL,2017-06-01,302.0
Category,Kitchenware,ALL,2017-07-01,356.0
Category,Kitchenware,ALL,2017-08-01,335.0
Category,Kitchenware,ALL,2017-09-01,151.0
Category,Kitchenware,ALL,2017-10-01,231.0
Category,Kitchenware,ALL,2017-11-01,328.0
Category,Kitchenware,ALL,2017-12-01,202.0
Category,Lighting,ALL,2017-01-01,169.0
Category,Lighting,ALL,2017-02-01,171.0
Category,Lighting,ALL,2017-03-01,241.0
Category,Lighting,ALL,2017-04-01,214.0
Category,Lighting,ALL,2017-05-01,210.0
Category,Lighting,ALL,2017-06-01,148.0
Category,Lighting,ALL,2017-07-01,246.0
Category,Lighting,ALL,2017-08-01,194.0
Category,Lighting,ALL,2017-09-01,197.0
Category,Lighting,ALL,2017-10-01,159.0
Category,Lighting,ALL,2017-11-01,116.0
Category,Lighting,ALL,2017-12-01,117.0
Category,Medicine,ALL,2017-01-01,1459.0
Category,Medicine,ALL,2017-02-01,2661.0
Category,Medicine,ALL,2017-03-01,3303.0
Category,Medicine,ALL,2017-04-01,2615.0
Category,Medicine,ALL,2017-05-01,3583.0
Category,Medicine,ALL,2017-06-01,2103.0
Category,Medicine,ALL,2017-07-01,2976.0
Category,Medicine,ALL,2017-08-01,3048.0
Category,Medicine,ALL,2017-09-01,4096.0
Category,Medicine,ALL,2017-10-01,5805.0
Category,Medicine,ALL,2017-11-01,5289.0
Category,Medicine,ALL,2017-12-01,4454.0
Category,Mobile_Devices,ALL,2016-01-01,2159.0
Category,Mobile_Devices,ALL,2016-02-01,1481.0
Category,Mobile_Devices,ALL,2016-03-01,2337.0
Category,Mobile_Devices,ALL,2016-04-01,1911.0
Category,Mobile_Devices,ALL,2016-05-01,1463.0
Category,Mobile_Devices,ALL,2016-06-01,2903.0
Category,Mobile_Devices,ALL,2016-07-01,1934.0
Category,Mobile_Devices,ALL,2016-08-01,2974.0
Category,Mobile_Devices,ALL,2016-09-01,2356.0
Category,Mobile_Devices,ALL,2016-10-01,1384.0
Category,Mobile_Devices,ALL,2016-11-01,1341.0
Category,Mobile_Devices,ALL,2016-12-01,2491.0
Category,Personal_Care,ALL,2017-02-01,91318.0
Category,Personal_Care,ALL,2017-03-01,68668.0
Category,Personal_Care,ALL,2017-04-01,70221.0
Category,Personal_Care,ALL,2017-05-01,66082.0
Category,Personal_Care,ALL,2017-06-01,61047.0
Category,Personal_Care,ALL,2017-07-01,66103.0
Category,Personal_Care,ALL,2017-08-01,69626.0
Category,Personal_Care,ALL,2017-09-01,84309.0
Category,Personal_Care,ALL,2017-10-01,59733.0
Category,Personal_Care,ALL,2017-11-01,87245.0
Category,Personal_Care,ALL,2017-12-01,68175.0
Category,Personal_Care,ALL,2018-01-01,55878.0
Category,Pet_Supplies,ALL,2017-01-01,77.0
Category,Pet_Supplies,ALL,2017-02-01,481.0
Category,Pet_Supplies,ALL,2017-03-01,447.0
Category,Pet_Supplies,ALL,2017-04-01,575.0
Category,Pet_Supplies,ALL,2017-05-01,474.0
Category,Pet_Supplies,ALL,2017-06-01,677.0
Category,Pet_Supplies,ALL,2017-07-01,147.0
Category,Pet_Supplies,ALL,2017-08-01,317.0
Category,Pet_Supplies,ALL,2017-09-01,553.0
Category,Pet_Supplies,ALL,2017-10-01,634.0
Category,Pet_Supplies,ALL,2017-11-01,772.0
Category,Pet_Supplies,ALL,2017-12-01,187.0
Category,Snacks,ALL,2017-02-01,469131.0
Category,Snacks,ALL,2017-03-01,415840.0
Category,Snacks,ALL,2017-04-01,615466.0
Category,Snacks,ALL,2017-05-01,358190.0
Category,Snacks,ALL,2017-06-01,88895.0
Category,Snacks,ALL,2017-07-01,307165.0
Category,Snacks,ALL,2017-08-01,406803.0
Category,Snacks,ALL,2017-09-01,302452.0
Category,Snacks,ALL,2017-10-01,191502.0
Category,Snacks,ALL,2017-11-01,704588.0
Category,Snacks,ALL,2017-12-01,386352.0
Category,Snacks,ALL,2018-01-01,650307.0
Category,Sports,ALL,2017-02-01,0.0
Category,Sports,ALL,2017-03-01,10761378.0
Category,Sports,ALL,2017-04-01,0.0
Category,Sports,ALL,2017-05-01,0.0
Category,Sports,ALL,2017-06-01,0.0
Category,Sports,ALL,2017-07-01,5163639.0
Category,Sports,ALL,2017-08-01,0.0
Category,Sports,ALL,2017-09-01,0.0
Category,Sports,ALL,2017-10-01,601548.0
Category,Sports,ALL,2017-11-01,5863376.0
Category,Sports,ALL,2017-12-01,0.0
Category,Sports,ALL,2018-01-01,0.0
Category,Toys,ALL,2017-01-01,709.0
Category,Toys,ALL,2017-02-01,693.0
Category,Toys,ALL,2017-03-01,814.0
Category,Toys,ALL,2017-04-01,744.0
Category,Toys,ALL,2017-05-01,704.0
Category,Toys,ALL,2017-06-01,816.0
Category,Toys,ALL,2017-07-01,662.0
Category,Toys,ALL,2017-08-01,621.0
Category,Toys,ALL,2017-09-01,741.0
Category,Toys,ALL,2017-10-01,630.0
Category,Toys,ALL,2017-11-01,895.0
Category,Toys,ALL,2017-12-01,727.0
Category,Travel_Accessories,ALL,2017-01-01,7561.0
Category,Travel_Accessories,ALL,2017-02-01,49989.0
Category,Travel_Accessories,ALL,2017-03-01,86507.0
Category,Travel_Accessories,ALL,2017-04-01,16920.0
Category,Travel_Accessories,ALL,2017-05-01,61937.0
Category,Travel_Accessories,ALL,2017-06-01,38739.0
Category,Travel_Accessories,ALL,2017-07-01,7997.0
Category,Travel_Accessories,ALL,2017-08-01,85595.0
Category,Travel_Accessories,ALL,2017-09-01,12976.0
Category,Travel_Accessories,ALL,2017-10-01,16525.0
Category,Travel_Accessories,ALL,2017-11-01,0.0
Category,Travel_Accessories,ALL,2017-12-01,39065.0
