date,forecast_units_sold,lower_ci,upper_ci,is_festival,is_holiday
2018-08-30,2.399027034224235,-8.857367626692726,13.655421695141195,0,0
2018-08-31,2.398485857590088,-8.858706850918061,13.655678566098238,0,0
2018-09-01,2.3979448030354944,-8.860045536521469,13.655935142592458,0,0
2018-09-02,2.3974038705329157,-8.861383683781389,13.65619142484722,0,0
2018-09-03,2.396863060054819,-8.862721292976074,13.656447413085713,0,0
2018-09-04,2.3963223715736777,-8.864058364383572,13.656703107530928,0,0
2018-09-05,2.3957818050619717,-8.86539489828174,13.656958508405685,0,0
2018-09-06,2.3952413604921867,-8.86673089494824,13.657213615932616,0,0
2018-09-07,2.394701037836815,-8.868066354660531,13.657468430334163,0,0
2018-09-08,2.394160837068355,-8.869401277695884,13.657722951832595,0,0
2018-09-09,2.3936207581593107,-8.870735664331367,13.65797718064999,0,0
2018-09-10,2.3930808010821933,-8.87206951484386,13.658231117008247,0,0
2018-09-11,2.39254096580952,-8.873402829510045,13.658484761129085,0,0
2018-09-12,2.3920012523138134,-8.874735608606407,13.658738113234033,0,0
2018-09-13,2.3914616605676033,-8.876067852409237,13.658991173544445,0,0
2018-09-14,2.390922190543425,-8.877399561194634,13.659243942281483,0,0
2018-09-15,2.3903828422138202,-8.878730735238502,13.65949641966614,0,0
2018-09-16,2.389843615551337,-8.880061374816544,13.659748605919217,0,0
2018-09-17,2.3893045105285293,-8.881391480204279,13.660000501261337,0,0
2018-09-18,2.3887655271179575,-8.882721051677027,13.660252105912942,0,0
2018-09-19,2.3882266652921884,-8.884050089509916,13.660503420094294,0,0
2018-09-20,2.387687925023794,-8.885378593977878,13.660754444025466,0,0
2018-09-21,2.387149306285354,-8.886706565355656,13.661005177926363,0,0
2018-09-22,2.386610809049453,-8.888034003917793,13.661255622016698,0,0
2018-09-23,2.3860724332886822,-8.88936090993865,13.661505776516014,0,0
2018-09-24,2.385534178975639,-8.890687283692385,13.661755641643664,0,0
2018-09-25,2.3849960460829274,-8.892013125452968,13.662005217618821,0,0
2018-09-26,2.3844580345831567,-8.893338435494172,13.662254504660485,0,0
2018-09-27,2.3839201444489433,-8.89466321408959,13.662503502987477,0,0
2018-09-28,2.3833823756529093,-8.89598746151261,13.662752212818427,0,0
2018-09-29,2.382844728167683,-8.897311178036434,13.6630006343718,0,0
2018-09-30,2.3823072019658986,-8.898634363934072,13.66324876786587,0,0
2018-10-01,2.381769797020197,-8.899957019478341,13.663496613518737,0,0
2018-10-02,2.381232513303225,-8.901279144941872,13.663744171548322,0,0
2018-10-03,2.3806953507876356,-8.902600740597098,13.663991442172371,0,0
2018-10-04,2.380158309446088,-8.903921806716266,13.664238425608442,0,0
2018-10-05,2.379621389251248,-8.905242343571427,13.664485122073923,0,0
2018-10-06,2.379084590175786,-8.906562351434454,13.664731531786027,0,0
2018-10-07,2.378547912192381,-8.907881830577013,13.664977654961776,0,0
2018-10-08,2.3780113552737157,-8.90920078127059,13.66522349181802,0,0
2018-10-09,2.3774749193924807,-8.910519203786485,13.665469042571445,0,0
2018-10-10,2.376938604521372,-8.911837098395791,13.665714307438536,0,0
2018-10-11,2.3764024106330925,-8.913154465369436,13.665959286635621,0,0
2018-10-12,2.37586633770035,-8.914471304978138,13.666203980378837,0,0
2018-10-13,2.3753303856958596,-8.915787617492436,13.666448388884154,0,0
2018-10-14,2.3747945545923415,-8.917103403182677,13.66669251236736,0,0
2018-10-15,2.374258844362523,-8.91841866231902,13.666936351044068,0,0
2018-10-16,2.3737232549791374,-8.919733395171438,13.667179905129714,0,0
2018-10-17,2.3731877864149236,-8.921047602009711,13.66742317483956,0,0
2018-10-18,2.372652438642627,-8.922361283103431,13.667666160388684,0,0
2018-10-19,2.3721172116349996,-8.923674438722006,13.667908861992004,0,0
2018-10-20,2.3715821053647987,-8.924987069134652,13.668151279864247,0,0
2018-10-21,2.371047119804788,-8.9262991746104,13.668393414219977,0,0
2018-10-22,2.370512254927738,-8.927610755418094,13.668635265273572,0,0
2018-10-23,2.3699775107064247,-8.92892181182639,13.66887683323924,0,0
2018-10-24,2.3694428871136304,-8.930232344103757,13.669118118331017,0,0
2018-10-25,2.368908384122143,-8.931542352518472,13.669359120762758,0,0
2018-10-26,2.368374001704758,-8.932851837338633,13.66959984074815,0,0
2018-10-27,2.3678397398342748,-8.934160798832153,13.6698402785007,0,0
2018-10-28,2.367305598483501,-8.935469237266743,13.670080434233745,0,0
2018-10-29,2.36677157762525,-8.936777152909947,13.670320308160445,0,0
2018-10-30,2.36623767723234,-8.938084546029112,13.67055990049379,0,0
2018-10-31,2.3657038972775966,-8.939391416891402,13.670799211446594,0,0
2018-11-01,2.3651702377338513,-8.940697765763794,13.671038241231496,0,0
2018-11-02,2.3646366985739413,-8.94200359291308,13.671276990060962,0,0
2018-11-03,2.36410327977071,-8.94330889860587,13.67151545814729,0,0
2018-11-04,2.363569981297008,-8.944613683108585,13.671753645702601,0,0
2018-11-05,2.3630368031256905,-8.945917946687462,13.671991552938845,0,0
2018-11-06,2.3625037452296196,-8.947221689608554,13.672229180067795,0,0
2018-11-07,2.3619708075816632,-8.94852491213773,13.672466527301056,0,0
2018-11-08,2.361437990154696,-8.94982761454067,13.672703594850063,0,0
2018-11-09,2.360905292921598,-8.951129797082878,13.672940382926075,0,0
2018-11-10,2.3603727158552554,-8.952431460029663,13.673176891740175,0,0
2018-11-11,2.3598402589285614,-8.953732603646163,13.673413121503287,0,0
2018-11-12,2.3593079221144144,-8.95503322819732,13.67364907242615,0,0
2018-11-13,2.3587757053857192,-8.956333333947905,13.673884744719343,0,0
2018-11-14,2.358243608715387,-8.957632921162492,13.674120138593267,0,0
2018-11-15,2.357711632076334,-8.95893199010548,13.674355254258149,0,0
2018-11-16,2.3571797754414843,-8.960230541041087,13.674590091924054,0,0
2018-11-17,2.3566480387837667,-8.961528574233338,13.674824651800872,0,0
2018-11-18,2.3561164220761164,-8.962826089946091,13.675058934098324,0,0
2018-11-19,2.3555849252914753,-8.964123088443008,13.67529293902596,0,0
2018-11-20,2.3550535484027906,-8.965419569987574,13.675526666793157,0,0
2018-11-21,2.354522291383016,-8.966715534843093,13.675760117609126,0,0
2018-11-22,2.3539911542051115,-8.968010983272684,13.675993291682907,0,0
2018-11-23,2.3534601368420427,-8.969305915539284,13.676226189223371,0,0
2018-11-24,2.3529292392667815,-8.970600331905654,13.676458810439218,0,0
2018-11-25,2.3523984614523066,-8.971894232634366,13.676691155538979,0,0
2018-11-26,2.3518678033716016,-8.973187617987818,13.67692322473102,0,0
2018-11-27,2.3513372649976567,-8.974480488228219,13.677155018223532,0,0
2018-11-28,2.3508068463034686,-8.975772843617605,13.677386536224542,0,0
2018-11-29,2.3502765472620393,-8.977064684417826,13.677617778941904,0,0
2018-11-30,2.3497463678463775,-8.978356010890558,13.677848746583312,0,0
2018-12-01,2.3492163080294977,-8.979646823297285,13.67807943935628,0,0
2018-12-02,2.348686367784421,-8.980937121899322,13.678309857468163,0,0
2018-12-03,2.348156547084174,-8.982226906957798,13.678540001126144,0,0
2018-12-04,2.3476268459017895,-8.983516178733664,13.678769870537243,0,0
2018-12-05,2.3470972642103063,-8.984804937487693,13.678999465908307,0,0
2018-12-06,2.34656780198277,-8.986093183480476,13.679228787446016,0,0
2018-12-07,2.346038459192231,-8.987380916972425,13.679457835356887,0,0
2018-12-08,2.345509235811747,-8.988668138223774,13.679686609847268,0,0
2018-12-09,2.344980131814381,-8.989954847494577,13.67991511112334,0,0
2018-12-10,2.3444511471732024,-8.991241045044706,13.680143339391112,0,0
2018-12-11,2.343922281861287,-8.992526731133863,13.680371294856437,0,0
2018-12-12,2.3433935358517157,-8.993811906021566,13.680598977724998,0,0
2018-12-13,2.3428649091175764,-8.995096569967151,13.680826388202304,0,0
2018-12-14,2.3423364016319628,-8.996380723229782,13.681053526493708,0,0
2018-12-15,2.341808013367974,-8.997664366068443,13.681280392804391,0,0
2018-12-16,2.341279744298717,-8.998947498741941,13.681506987339375,0,0
2018-12-17,2.3407515943973025,-9.000230121508906,13.68173331030351,0,0
2018-12-18,2.340223563636849,-9.001512234627786,13.681959361901484,0,0
2018-12-19,2.3396956519904806,-9.002793838356856,13.682185142337817,0,0
2018-12-20,2.3391678594313268,-9.004074932954214,13.682410651816866,0,0
2018-12-21,2.338640185932524,-9.005355518677776,13.682635890542825,0,0
2018-12-22,2.3381126314672143,-9.006635595785287,13.682860858719717,0,0
2018-12-23,2.337585196008546,-9.007915164534317,13.683085556551411,0,0
2018-12-24,2.3370578795296733,-9.009194225182252,13.6833099842416,0,0
2018-12-25,2.3365306820037564,-9.010472777986308,13.683534141993821,0,0
2018-12-26,2.3360036034039617,-9.011750823203522,13.683758030011445,0,0
2018-12-27,2.335476643703462,-9.013028361090756,13.68398164849768,0,0
2018-12-28,2.334949802875436,-9.014305391904692,13.684204997655563,0,0
2018-12-29,2.3344230808930675,-9.015581915901844,13.68442807768798,0,0
2018-12-30,2.3338964777295472,-9.016857933338546,13.684650888797641,0,0
2018-12-31,2.333369993358072,-9.018133444470958,13.684873431187103,0,0
2019-01-01,7.357073634178362,-3.995178443128549,18.709325711485274,1,0
2019-01-02,2.332317380884074,-9.020682948846678,13.685317710614827,0,0
2019-01-03,2.3317912527279745,-9.02195694260143,13.685539448057378,0,0
2019-01-04,2.331265243256767,-9.02323043107478,13.685760917588315,0,0
2019-01-05,2.3307393524436786,-9.024503414522014,13.685982119409372,0,0
2019-01-06,2.3302135802619417,-9.025775893198245,13.68620305372213,0,0
2019-01-07,2.329687926684796,-9.027047867358412,13.686423720728005,0,0
2019-01-08,2.3291623916854856,-9.02831933725728,13.686644120628252,0,0
2019-01-09,2.328636975237262,-9.02959030314943,13.686864253623952,0,0
2019-01-10,2.3281116773133825,-9.030860765289287,13.687084119916051,0,0
2019-01-11,2.32758649788711,-9.03213072393109,13.687303719705309,0,0
2019-01-12,2.327061436931713,-9.03340017932891,13.687523053192335,0,0
2019-01-13,2.3265364944204676,-9.034669131736637,13.687742120577573,0,0
2019-01-14,2.3260116703266545,-9.035937581408005,13.687960922061313,0,0
2019-01-15,2.3254869646235607,-9.037205528596555,13.688179457843678,0,0
2019-01-16,2.3249623772844794,-9.03847297355567,13.688397728124631,0,0
2019-01-17,2.32443790828271,-9.039739916538558,13.68861573310398,0,0
2019-01-18,2.323913557591558,-9.041006357798247,13.688833472981363,0,0
2019-01-19,2.3233893251843343,-9.042272297587601,13.689050947956268,0,0
2019-01-20,2.3228652110343564,-9.043537736159307,13.68926815822802,0,0
2019-01-21,2.322341215114948,-9.044802673765881,13.689485103995777,0,0
2019-01-22,2.3218173373994375,-9.046067110659676,13.689701785458551,0,0
2019-01-23,2.321293577861161,-9.047331047092861,13.689918202815182,0,0
2019-01-24,2.32076993647346,-9.048594483317434,13.690134356264355,0,0
2019-01-25,2.320246413209681,-9.049857419585237,13.690350246004598,0,0
2019-01-26,2.3197230080431788,-9.051119856147924,13.69056587223428,0,0
2019-01-27,2.3191997209473114,-9.052381793256986,13.69078123515161,0,0
2019-01-28,2.318676551895445,-9.053643231163745,13.690996334954635,0,0
2019-01-29,2.3181535008609506,-9.054904170119347,13.691211171841246,0,0
2019-01-30,2.3176305678172064,-9.056164610374767,13.691425746009179,0,0
2019-01-31,2.3171077527375954,-9.057424552180818,13.691640057656008,0,0
2019-02-01,2.3165850555955068,-9.058683995788137,13.69185410697915,0,0
2019-02-02,2.316062476364336,-9.059942941447193,13.692067894175864,0,0
2019-02-03,2.315540015017485,-9.061201389408282,13.692281419443251,0,0
2019-02-04,2.315017671528361,-9.062459339921537,13.692494682978259,0,0
2019-02-05,2.3144954458703775,-9.063716793236912,13.692707684977668,0,0
2019-02-06,2.313973338016954,-9.064973749604201,13.692920425638109,0,0
2019-02-07,2.3134513479415153,-9.066230209273026,13.693132905156055,0,0
2019-02-08,2.3129294756174934,-9.067486172492838,13.693345123727823,0,0
2019-02-09,2.312407721018326,-9.068741639512918,13.69355708154957,0,0
2019-02-10,2.311886084117456,-9.069996610582386,13.693768778817297,0,0
2019-02-11,2.311364564888333,-9.071251085950184,13.69398021572685,0,0
2019-02-12,2.3108431633044124,-9.072505065865093,13.694191392473916,0,0
2019-02-13,2.310321879339156,-9.07375855057572,13.694402309254032,0,0
2019-02-14,2.3098007129660303,-9.07501154033051,13.69461296626257,0,0
2019-02-15,2.309279664158509,-9.076264035377738,13.694823363694757,0,0
2019-02-16,2.3087587328900723,-9.077516035965509,13.695033501745655,0,0
2019-02-17,2.3082379191342044,-9.078767542341762,13.695243380610172,0,0
2019-02-18,2.307717222864397,-9.080018554754268,13.695453000483063,0,0
2019-02-19,2.3071966440541476,-9.081269073450635,13.69566236155893,0,0
2019-02-20,2.3066761826769593,-9.082519098678297,13.695871464032216,0,0
2019-02-21,2.306155838706341,-9.083768630684528,13.696080308097208,0,0
2019-02-22,2.305635612115809,-9.085017669716425,13.696288893948044,0,0
2019-02-23,2.3051155028788832,-9.086266216020935,13.6964972217787,0,0
2019-02-24,2.3045955109690914,-9.08751426984482,13.696705291783005,0,0
2019-02-25,2.304075636359967,-9.088761831434695,13.696913104154628,0,0
2019-02-26,2.3035558790250485,-9.090008901036988,13.697120659087087,0,0
2019-02-27,2.3030362389378816,-9.09125547889798,13.697327956773742,0,0
2019-02-28,2.302516716072017,-9.092501565263774,13.697534997407807,0,0
2019-03-01,2.3019973104010116,-9.09374716038031,13.697741781182334,0,0
2019-03-02,2.3014780218984288,-9.094992264493369,13.697948308290227,0,0
2019-03-03,2.300958850537837,-9.096236877848556,13.69815457892423,0,0
2019-03-04,7.324669802719329,-4.0732509942648,18.72259059970346,1,0
2019-03-05,2.2999208591369333,-9.098724633266936,13.698566351540801,0,0
2019-03-06,2.299402039043789,-9.099967775820526,13.698771853908104,0,0
2019-03-07,2.298883335986971,-9.101210428597039,13.698977100570982,0,0
2019-03-08,2.2983647499400788,-9.10245259184126,13.699182091721418,0,0
2019-03-09,2.297846280876717,-9.103694265797811,13.699386827551246,0,0
2019-03-10,2.2973279287704957,-9.10493545071115,13.699591308252142,0,0
2019-03-11,2.2968096935950317,-9.10617614682557,13.699795534015633,0,0
2019-03-12,2.2962915753239477,-9.107416354385197,13.699999505033094,0,0
2019-03-13,2.2957735739308722,-9.108656073634005,13.700203221495752,0,0
2019-03-14,2.29525568938944,-9.10989530481579,13.700406683594672,0,0
2019-03-15,2.2947379216732906,-9.111134048174192,13.700609891520772,0,0
2019-03-16,2.294220270756071,-9.112372303952686,13.700812845464828,0,0
2019-03-17,2.2937027366114338,-9.113610072394586,13.701015545617452,0,0
2019-03-18,2.2931853192130367,-9.114847353743038,13.701217992169113,0,0
2019-03-19,2.292668018534544,-9.11608414824103,13.701420185310118,0,0
2019-03-20,2.2921508345496258,-9.117320456131386,13.701622125230637,0,0
2019-03-21,2.291633767231958,-9.118556277656765,13.701823812120683,0,0
2019-03-22,2.2911168165552227,-9.119791613059668,13.702025246170113,0,0
2019-03-23,2.290599982493108,-9.12102646258243,13.702226427568645,0,0
2019-03-24,2.290083265019308,-9.122260826467222,13.702427356505837,0,0
2019-03-25,2.289566664107522,-9.12349470495606,13.702628033171104,0,0
2019-03-26,2.289050179731456,-9.124728098290793,13.702828457753705,0,0
2019-03-27,2.2885338118648217,-9.125961006713109,13.703028630442752,0,0
2019-03-28,2.2880175604813364,-9.127193430464537,13.703228551427209,0,0
2019-03-29,2.287501425554724,-9.128425369786438,13.703428220895887,0,0
2019-03-30,2.286985407058714,-9.129656824920023,13.70362763903745,0,0
2019-03-31,2.2864695049670414,-9.130887796106329,13.70382680604041,0,0
2019-04-01,2.2859537192534476,-9.132118283586243,13.704025722093137,0,0
2019-04-02,2.28543804989168,-9.133348287600484,13.704224387383842,0,0
2019-04-03,2.284922496855492,-9.134577808389611,13.704422802100595,0,0
2019-04-04,2.2844070601186424,-9.13580684619403,13.704620966431314,0,0
2019-04-05,2.283891739654896,-9.137035401253977,13.704818880563769,0,0
2019-04-06,2.283376535438024,-9.138263473809534,13.70501654468558,0,0
2019-04-07,2.282861447441803,-9.13949106410062,13.705213958984226,0,0
2019-04-08,2.2823464756400162,-9.140718172366993,13.705411123647027,0,0
2019-04-09,2.281831620006452,-9.14194479884826,13.705608038861163,0,0
2019-04-10,2.2813168805149044,-9.143170943783856,13.705804704813664,0,0
2019-04-11,2.2808022571391744,-9.14439660741306,13.706001121691408,0,0
2019-04-12,2.2802877498530685,-9.145621789975001,13.706197289681137,0,0
2019-04-13,2.2797733586303988,-9.146846491708635,13.706393208969432,0,0
2019-04-14,2.2792590834449835,-9.148070712852768,13.706588879742736,0,0
2019-04-15,2.2787449242706472,-9.149294453646046,13.70678430218734,0,0
2019-04-16,2.2782308810812193,-9.150517714326957,13.706979476489396,0,0
2019-04-17,2.277716953850536,-9.151740495133824,13.707174402834896,0,0
2019-04-18,2.2772031425524393,-9.152962796304818,13.707369081409697,0,0
2019-04-19,2.2766894471607766,-9.15418461807795,13.707563512399505,0,0
2019-04-20,2.2761758676494015,-9.155405960691073,13.707757695989876,0,0
2019-04-21,2.2756624039921736,-9.156626824381881,13.707951632366228,0,0
2019-04-22,2.2751490561629586,-9.15784720938791,13.708145321713829,0,0
2019-04-23,2.2746358241356277,-9.159067115946545,13.7083387642178,0,0
2019-04-24,2.274122707884058,-9.160286544295,13.708531960063114,0,0
2019-04-25,2.2736097073821324,-9.16150549467034,13.708724909434604,0,0
2019-04-26,2.2730968226037405,-9.162723967309475,13.708917612516956,0,0
2019-04-27,2.2725840535227766,-9.163941962449151,13.709110069494706,0,0
2019-04-28,2.2720714001131417,-9.165159480325968,13.70930228055225,0,0
2019-04-29,2.2715588623487424,-9.166376521176355,13.70949424587384,0,0
2019-04-30,2.271046440203491,-9.167593085236593,13.709685965643576,0,0
2019-05-01,2.2705341336513065,-9.168809172742804,13.709877440045418,0,0
2019-05-02,2.270021942666113,-9.170024783930959,13.710068669263183,0,0
2019-05-03,2.269509867221841,-9.17123991903686,13.710259653480541,0,0
2019-05-04,2.268997907292426,-9.172454578296168,13.710450392881022,0,0
2019-05-05,2.2684860628518098,-9.173668761944377,13.710640887647997,0,0
2019-05-06,2.2679743338739407,-9.174882470216831,13.710831137964712,0,0
2019-05-07,2.2674627203327726,-9.176095703348716,13.711021144014262,0,0
2019-05-08,2.2669512222022647,-9.17730846157506,13.71121090597959,0,0
2019-05-09,2.2664398394563827,-9.178520745130744,13.711400424043507,0,0
2019-05-10,2.265928572069098,-9.179732554250482,13.711589698388678,0,0
2019-05-11,2.2654174200143875,-9.180943889168839,13.711778729197613,0,0
2019-05-12,2.2649063832662346,-9.18215475012023,13.711967516652699,0,0
2019-05-13,2.2643954617986277,-9.183365137338908,13.712156060936165,0,0
2019-05-14,2.2638846555855623,-9.184575051058973,13.712344362230096,0,0
2019-05-15,2.2633739646010387,-9.185784491514369,13.712532420716446,0,0
2019-05-16,2.2628633888190635,-9.186993458938892,13.712720236577018,0,0
2019-05-17,2.262352928213649,-9.188201953566175,13.712907809993471,0,0
2019-05-18,2.261842582758814,-9.189409975629701,13.713095141147328,0,0
2019-05-19,2.2613323524285818,-9.190617525362804,13.713282230219967,0,0
2019-05-20,2.260822237196983,-9.191824602998652,13.713469077392618,0,0
2019-05-21,2.2603122370380535,-9.193031208770272,13.71365568284638,0,0
2019-05-22,2.259802351925835,-9.194237342910528,13.713842046762197,0,0
2019-05-23,2.2592925818343743,-9.195443005652136,13.714028169320885,0,0
2019-05-24,2.2587829267377257,-9.196648197227656,13.71421405070311,0,0
2019-05-25,2.258273386609948,-9.1978529178695,13.714399691089397,0,0
2019-05-26,2.257763961425107,-9.19905716780992,13.714585090660135,0,0
2019-05-27,2.2572546511572726,-9.200260947281016,13.714770249595563,0,0
2019-05-28,2.256745455780522,-9.20146425651474,13.714955168075786,0,0
2019-05-29,2.2562363752689385,-9.202667095742887,13.715139846280765,0,0
2019-05-30,2.2557274095966102,-9.203869465197105,13.715324284390324,0,0
2019-05-31,2.2552185587376314,-9.205071365108878,13.715508482584141,0,0
2019-06-01,2.2547098226661024,-9.206272795709554,13.715692441041758,0,0
2019-06-02,2.2542012013561292,-9.207473757230314,13.715876159942574,0,0
2019-06-03,2.2536926947818237,-9.208674249902199,13.716059639465847,0,0
2019-06-04,2.2531843029173033,-9.209874273956089,13.716242879790695,0,0
2019-06-05,2.252676025736692,-9.211073829622718,13.716425881096102,0,0
2019-06-06,2.2521678632141193,-9.212272917132665,13.716608643560903,0,0
2019-06-07,2.25165981532372,-9.21347153671636,13.7167911673638,0,0
2019-06-08,2.2511518820396357,-9.214669688604083,13.716973452683355,0,0
2019-06-09,2.2506440633360127,-9.21586737302596,13.717155499697986,0,0
2019-06-10,2.2501363591870045,-9.217064590211965,13.717337308585975,0,0
2019-06-11,2.249628769566769,-9.218261340391926,13.717518879525464,0,0
2019-06-12,2.2491212944494707,-9.219457623795517,13.717700212694456,0,0
2019-06-13,2.2486139338092803,-9.22065344065226,13.717881308270819,0,0
2019-06-14,2.2481066876203735,-9.22184879119153,13.718062166432276,0,0
2019-06-15,2.247599555856932,-9.22304367564255,13.718242787356413,0,0
2019-06-16,2.247092538493144,-9.224238094234392,13.71842317122068,0,0
2019-06-17,2.246585635503203,-9.225432047195982,13.718603318202389,0,0
2019-06-18,2.2460788468613075,-9.22662553475609,13.718783228478705,0,0
2019-06-19,2.2455721725416637,-9.22781855714334,13.718962902226668,0,0
2019-06-20,2.245065612518482,-9.229011114586207,13.719142339623172,0,0
2019-06-21,2.2445591667659794,-9.230203207313018,13.719321540844977,0,0
2019-06-22,2.2440528352583784,-9.231394835551942,13.719500506068698,0,0
2019-06-23,2.2435466179699075,-9.232585999531008,13.719679235470824,0,0
2019-06-24,2.243040514874801,-9.233776699478094,13.719857729227696,0,0
2019-06-25,2.242534525947299,-9.234966935620927,13.720035987515525,0,0
2019-06-26,2.2420286511616476,-9.236156708187082,13.720214010510379,0,0
2019-06-27,2.241522890492098,-9.237346017403999,13.720391798388194,0,0
2019-06-28,2.241017243912908,-9.238534863498948,13.720569351324766,0,0
2019-06-29,2.240511711398341,-9.239723246699075,13.720746669495757,0,0
2019-06-30,2.2400062929226654,-9.240911167231355,13.720923753076685,0,0
2019-07-01,2.239500988460157,-9.242098625322626,13.721100602242942,0,0
2019-07-02,2.238995797985096,-9.243285621199584,13.721277217169776,0,0
2019-07-03,2.238490721471769,-9.244472155088765,13.721453598032305,0,0
2019-07-04,2.2379857588944687,-9.245658227216563,13.721629745005501,0,0
2019-07-05,2.2374809102274926,-9.246843837809223,13.72180565826421,0,0
2019-07-06,2.236976175445145,-9.248028987092844,13.721981337983134,0,0
2019-07-07,2.2364715545217355,-9.249213675293381,13.722156784336851,0,0
2019-07-08,2.2359670474315796,-9.250397902636633,13.722331997499792,0,0
2019-07-09,2.2354626541489986,-9.251581669348258,13.722506977646255,0,0
2019-07-10,2.2349583746483197,-9.252764975653765,13.722681724950405,0,0
2019-07-11,2.234454208903876,-9.253947821778517,13.722856239586271,0,0
2019-07-12,2.2339501568900055,-9.255130207947733,13.723030521727743,0,0
2019-07-13,2.233446218581053,-9.256312134386482,13.723204571548587,0,0
2019-07-14,2.2329423939513693,-9.257493601319686,13.723378389222423,0,0
2019-07-15,2.23243868297531,-9.258674608972122,13.723551974922742,0,0
2019-07-16,2.2319350856272364,-9.25985515756842,13.723725328822894,0,0
2019-07-17,2.231431601881517,-9.26103524733307,13.723898451096105,0,0
2019-07-18,2.2309282317125243,-9.262214878490404,13.724071341915455,0,0
2019-07-19,2.230424975094638,-9.26339405126462,13.724244001453897,0,0
2019-07-20,2.229921832002243,-9.264572765879766,13.72441642988425,0,0
2019-07-21,2.22941880240973,-9.265751022559739,13.7245886273792,0,0
2019-07-22,2.2289158862914955,-9.266928821528301,13.724760594111293,0,0
2019-07-23,2.2284130836219416,-9.268106163009062,13.724932330252944,0,0
2019-07-24,2.2279103943754763,-9.269283047225485,13.725103835976437,0,0
2019-07-25,2.227407818526514,-9.270459474400898,13.725275111453925,0,0
2019-07-26,2.226905356049474,-9.27163544475847,13.725446156857416,0,0
2019-07-27,2.226403006918781,-9.272810958521237,13.7256169723588,0,0
2019-07-28,2.225900771108867,-9.273986015912088,13.725787558129822,0,0
2019-07-29,2.225398648594169,-9.275160617153762,13.7259579143421,0,0
2019-07-30,2.224896639349129,-9.27633476246886,13.726128041167119,0,0
2019-07-31,2.2243947433481956,-9.277508452079834,13.726297938776225,0,0
2019-08-01,2.2238929605658235,-9.278681686208994,13.726467607340641,0,0
2019-08-02,2.223391290976472,-9.27985446507851,13.726637047031454,0,0
2019-08-03,2.2228897345546073,-9.281026788910399,13.726806258019614,0,0
2019-08-04,2.222388291274701,-9.282198657926543,13.726975240475944,0,0
2019-08-05,2.2218869611112297,-9.283370072348678,13.727143994571136,0,0
2019-08-06,2.2213857440386766,-9.28454103239839,13.727312520475746,0,0
2019-08-07,2.2208846400315307,-9.285711538297136,13.727480818360196,0,0
2019-08-08,2.2203836490642868,-9.286881590266212,13.727648888394786,0,0
2019-08-09,2.2198827711114446,-9.288051188526783,13.727816730749673,0,0
2019-08-10,2.21938200614751,-9.289220333299872,13.727984345594892,0,0
2019-08-11,2.2188813541469954,-9.290389024806348,13.72815173310034,0,0
2019-08-12,2.218380815084418,-9.291557263266954,13.72831889343579,0,0
2019-08-13,2.217880388934301,-9.292725048902273,13.728485826770875,0,0
2019-08-14,2.2173800756711732,-9.293892381932757,13.728652533275103,0,0
2019-08-15,2.2168798752695698,-9.295059262578713,13.728819013117851,0,0
2019-08-16,2.216379787704031,-9.2962256910603,13.728985266468364,0,0
2019-08-17,2.2158798129491037,-9.297391667597545,13.729151293495754,0,0
2019-08-18,2.2153799509793393,-9.298557192410328,13.729317094369005,0,0
2019-08-19,2.2148802017692955,-9.299722265718387,13.729482669256978,0,0
2019-08-20,2.2143805652935358,-9.300886887741317,13.729648018328387,0,0
2019-08-21,2.2138810415266295,-9.302051058698574,13.729813141751833,0,0
2019-08-22,2.2133816304431515,-9.30321477880947,13.729978039695775,0,0
2019-08-23,2.2128823320176823,-9.304378048293184,13.730142712328547,0,0
2019-08-24,2.2123831462248087,-9.305540867368734,13.730307159818352,0,0
2019-08-25,2.2118840730391227,-9.306703236255023,13.730471382333269,0,0
2019-08-26,2.211385112435222,-9.307865155170795,13.730635380041239,0,0
2019-08-27,2.2108862643877103,-9.309026624334656,13.730799153110077,0,0
2019-08-28,2.210387528871197,-9.31018764396508,13.730962701707472,0,0
2019-08-29,2.2098889058602973,-9.31134821428039,13.731126026000982,0,0
