Product_Name,Category_Name,HW_RMSE,Naive_RMSE,Model_Status
Automotive_Item_001,Automotive,1246.4,2206.02,OK
Automotive_Item_002,Automotive,531.11,291.89,UNSTABLE
Automotive_Item_003,Automotive,3224.0,7422.18,OK
Automotive_Item_004,Automotive,4251.65,2712.55,UNSTABLE
Automotive_Item_005,Automotive,47.19,47.91,OK
Automotive_Item_006,Automotive,612.09,269.18,UNSTABLE
Automotive_Item_007,Automotive,148.75,262.14,OK
Automotive_Item_008,Automotive,96.97,81.46,UNSTABLE
Automotive_Item_009,Automotive,28.52,30.81,OK
Automotive_Item_010,Automotive,62.24,244.6,OK
Automotive_Item_011,Automotive,10.83,13.45,OK
Automotive_Item_012,Automotive,17.64,16.23,UNSTABLE
Automotive_Item_013,Automotive,33.37,35.91,OK
Automotive_Item_014,Automotive,25.83,31.75,OK
Automotive_Item_015,Automotive,1107.07,129.1,UNSTABLE
Automotive_Item_016,Automotive,1412.36,364.01,UNSTABLE
Automotive_Item_017,Automotive,1385.84,238.26,UNSTABLE
Automotive_Item_018,Automotive,7.43,9.6,OK
Automotive_Item_019,Automotive,240.86,234.98,UNSTABLE
Automotive_Item_020,Automotive,518.2,521.58,OK
Automotive_Item_021,Automotive,198.18,78.56,UNSTABLE
Automotive_Item_022,Automotive,21.37,7.04,UNSTABLE
Automotive_Item_023,Automotive,44.06,77.48,OK
Automotive_Item_024,Automotive,380.35,126.54,UNSTABLE
Automotive_Item_025,Automotive,15.96,24.97,OK
Automotive_Item_026,Automotive,5.88,8.76,OK
Automotive_Item_027,Automotive,8.71,22.24,OK
Automotive_Item_028,Automotive,726.48,133.45,UNSTABLE
Automotive_Item_029,Automotive,36.82,23.2,UNSTABLE
Automotive_Item_030,Automotive,361.1,423.36,OK
Automotive_Item_031,Automotive,42.4,45.13,OK
Automotive_Item_032,Automotive,11.58,9.64,UNSTABLE
Automotive_Item_033,Automotive,1738.09,1481.64,UNSTABLE
Automotive_Item_034,Automotive,29.29,22.36,UNSTABLE
Automotive_Item_035,Automotive,771.45,730.3,UNSTABLE
Automotive_Item_036,Automotive,310.93,313.58,OK
Automotive_Item_037,Automotive,415.71,412.31,UNSTABLE
Automotive_Item_038,Automotive,246.11,182.57,UNSTABLE
Automotive_Item_039,Automotive,197.95,297.38,OK
Automotive_Item_040,Automotive,387.81,505.95,OK
Automotive_Item_041,Automotive,372.51,798.84,OK
Automotive_Item_042,Automotive,1494.58,2137.03,OK
Automotive_Item_043,Automotive,413.29,629.83,OK
Automotive_Item_044,Automotive,595.97,944.37,OK
Automotive_Item_045,Automotive,308.93,372.78,OK
Automotive_Item_046,Automotive,146.36,135.83,UNSTABLE
Automotive_Item_047,Automotive,165.98,104.48,UNSTABLE
Automotive_Item_048,Automotive,142.43,85.34,UNSTABLE
Automotive_Item_049,Automotive,160.14,74.61,UNSTABLE
Automotive_Item_050,Automotive,75.69,101.24,OK
Automotive_Item_051,Automotive,1039.76,1630.97,OK
Automotive_Item_052,Automotive,108.3,253.87,OK
Automotive_Item_053,Automotive,445.68,516.2,OK
Automotive_Item_054,Automotive,3271.19,3040.77,UNSTABLE
Automotive_Item_055,Automotive,3848.75,2642.84,UNSTABLE
Automotive_Item_056,Automotive,166.12,468.38,OK
Automotive_Item_057,Automotive,63.43,52.92,UNSTABLE
Automotive_Item_058,Automotive,76.67,57.49,UNSTABLE
Automotive_Item_059,Automotive,12.05,20.68,OK
Automotive_Item_060,Automotive,4.19,1.68,UNSTABLE
Automotive_Item_062,Automotive,39.74,40.88,OK
Automotive_Item_063,Automotive,15.51,109.29,OK
Automotive_Item_064,Automotive,7.05,6.47,UNSTABLE
Automotive_Item_065,Automotive,40.33,32.51,UNSTABLE
Automotive_Item_066,Automotive,471.15,467.5,UNSTABLE
Automotive_Item_067,Automotive,18.03,20.54,OK
Automotive_Item_068,Automotive,325.57,603.29,OK
Automotive_Item_069,Automotive,34.49,81.26,OK
Automotive_Item_070,Automotive,208.44,105.98,UNSTABLE
Automotive_Item_071,Automotive,122.86,170.08,OK
Automotive_Item_072,Automotive,28.93,39.37,OK
Automotive_Item_073,Automotive,32.98,18.36,UNSTABLE
Automotive_Item_074,Automotive,70.91,199.0,OK
Automotive_Item_075,Automotive,143.87,106.11,UNSTABLE
Automotive_Item_076,Automotive,32.58,18.04,UNSTABLE
Automotive_Item_077,Automotive,548.34,601.8,OK
Automotive_Item_078,Automotive,100.52,155.19,OK
Automotive_Item_079,Automotive,88.51,89.35,OK
Automotive_Item_080,Automotive,13.3,11.95,UNSTABLE
Automotive_Item_081,Automotive,191.37,416.96,OK
Automotive_Item_082,Automotive,1627.2,2672.3,OK
Automotive_Item_083,Automotive,5.0,19.15,OK
Automotive_Item_084,Automotive,42.85,40.91,UNSTABLE
Automotive_Item_085,Automotive,63.02,30.4,UNSTABLE
Automotive_Item_086,Automotive,435.39,180.38,UNSTABLE
Automotive_Item_087,Automotive,19.14,21.55,OK
Automotive_Item_088,Automotive,23.91,30.02,OK
Automotive_Item_089,Automotive,407.07,770.44,OK
Automotive_Item_090,Automotive,236.28,125.43,UNSTABLE
Automotive_Item_091,Automotive,2236.68,2196.99,UNSTABLE
Automotive_Item_092,Automotive,94.89,130.71,OK
Automotive_Item_093,Automotive,155.78,296.98,OK
Automotive_Item_094,Automotive,369.44,397.09,OK
Automotive_Item_095,Automotive,4526.29,5189.33,OK
Automotive_Item_096,Automotive,211.8,198.35,UNSTABLE
Automotive_Item_097,Automotive,123.04,96.07,UNSTABLE
Automotive_Item_098,Automotive,36.2,35.83,UNSTABLE
Automotive_Item_100,Automotive,286.57,273.76,UNSTABLE
Automotive_Item_101,Automotive,185.7,89.84,UNSTABLE
Automotive_Item_102,Automotive,46.72,45.72,UNSTABLE
Automotive_Item_103,Automotive,153.05,163.32,OK
Automotive_Item_104,Automotive,10.38,13.8,OK
Automotive_Item_105,Automotive,157.06,133.35,UNSTABLE
Automotive_Item_106,Automotive,10.31,13.52,OK
Automotive_Item_107,Automotive,37.57,21.02,UNSTABLE
Automotive_Item_108,Automotive,14.4,13.81,UNSTABLE
Automotive_Item_109,Automotive,10.41,14.4,OK
Automotive_Item_110,Automotive,6.95,7.82,OK
Automotive_Item_111,Automotive,23.91,26.07,OK
Automotive_Item_112,Automotive,13.14,9.86,UNSTABLE
Automotive_Item_113,Automotive,106.44,93.12,UNSTABLE
Automotive_Item_114,Automotive,30.51,27.57,UNSTABLE
Automotive_Item_115,Automotive,7.98,6.07,UNSTABLE
Automotive_Item_116,Automotive,24.15,18.23,UNSTABLE
Automotive_Item_117,Automotive,52.06,26.15,UNSTABLE
Automotive_Item_118,Automotive,11.48,11.08,UNSTABLE
Automotive_Item_119,Automotive,13.47,12.19,UNSTABLE
Automotive_Item_120,Automotive,2.2,1.87,UNSTABLE
Automotive_Item_121,Automotive,8.24,3.65,UNSTABLE
Automotive_Item_125,Automotive,14.73,13.8,UNSTABLE
Automotive_Item_126,Automotive,6.07,9.84,OK
Automotive_Item_127,Automotive,385.98,273.14,UNSTABLE
Automotive_Item_128,Automotive,52.6,80.65,OK
Automotive_Item_129,Automotive,73.5,6.99,UNSTABLE
Automotive_Item_130,Automotive,4.95,6.96,OK
Automotive_Item_131,Automotive,8.69,15.87,OK
Automotive_Item_132,Automotive,116.27,47.44,UNSTABLE
Automotive_Item_133,Automotive,35.59,54.01,OK
Automotive_Item_135,Automotive,252.87,180.21,UNSTABLE
Automotive_Item_136,Automotive,419.92,358.74,UNSTABLE
Automotive_Item_137,Automotive,108.1,107.4,UNSTABLE
Automotive_Item_138,Automotive,194.39,417.58,OK
Automotive_Item_139,Automotive,131.61,214.74,OK
Automotive_Item_140,Automotive,57.51,70.95,OK
Automotive_Item_142,Automotive,115.61,92.74,UNSTABLE
Automotive_Item_143,Automotive,9.35,4.93,UNSTABLE
Beauty_Item_001,Beauty,26.46,66.38,OK
Beauty_Item_002,Beauty,336.75,335.75,UNSTABLE
Beauty_Item_003,Beauty,114.71,104.19,UNSTABLE
Beauty_Item_004,Beauty,94.68,94.89,OK
Beauty_Item_005,Beauty,114.73,48.63,UNSTABLE
Beauty_Item_006,Beauty,56.85,236.6,OK
Beauty_Item_007,Beauty,26.62,21.41,UNSTABLE
Beauty_Item_008,Beauty,571.15,1104.86,OK
Beauty_Item_009,Beauty,106.45,130.83,OK
Beauty_Item_010,Beauty,62.31,155.55,OK
Beauty_Item_011,Beauty,267.36,155.16,UNSTABLE
Beauty_Item_012,Beauty,1456.48,613.6,UNSTABLE
Beauty_Item_013,Beauty,125.65,147.44,OK
Beauty_Item_014,Beauty,257.32,287.43,OK
Beauty_Item_015,Beauty,827.89,839.64,OK
Beauty_Item_016,Beauty,327.01,315.52,UNSTABLE
Beauty_Item_018,Beauty,160.0,181.29,OK
Beauty_Item_019,Beauty,41.01,54.0,OK
Beauty_Item_020,Beauty,180.97,177.1,UNSTABLE
Beauty_Item_021,Beauty,8.84,59.52,OK
Beauty_Item_022,Beauty,15.54,5.6,UNSTABLE
Beauty_Item_023,Beauty,112.84,245.56,OK
Beauty_Item_024,Beauty,12.05,18.28,OK
Beauty_Item_025,Beauty,8.43,11.11,OK
Beauty_Item_026,Beauty,147.27,130.79,UNSTABLE
Beauty_Item_028,Beauty,612.14,652.02,OK
Beauty_Item_029,Beauty,196.85,174.49,UNSTABLE
Beauty_Item_030,Beauty,47.77,10.5,UNSTABLE
Beauty_Item_031,Beauty,4.82,11.09,OK
Beauty_Item_032,Beauty,12.96,6.18,UNSTABLE
Beauty_Item_033,Beauty,289.65,569.88,OK
Beauty_Item_034,Beauty,88.07,146.55,OK
Beauty_Item_035,Beauty,122.04,111.28,UNSTABLE
Beauty_Item_036,Beauty,18.13,23.53,OK
Beauty_Item_037,Beauty,30.81,27.89,UNSTABLE
Beauty_Item_038,Beauty,931.24,1436.03,OK
Beauty_Item_039,Beauty,159.36,151.61,UNSTABLE
Beauty_Item_040,Beauty,58.94,51.94,UNSTABLE
Beauty_Item_041,Beauty,7.99,7.0,UNSTABLE
Beauty_Item_042,Beauty,19.18,23.8,OK
Beauty_Item_043,Beauty,4.35,15.57,OK
Beauty_Item_044,Beauty,83.36,46.47,UNSTABLE
Beauty_Item_045,Beauty,19.2,19.73,OK
Beauty_Item_046,Beauty,45.26,40.87,UNSTABLE
Beauty_Item_047,Beauty,9.88,8.62,UNSTABLE
Beauty_Item_048,Beauty,369.01,467.44,OK
Beauty_Item_049,Beauty,86.74,103.21,OK
Beauty_Item_050,Beauty,30.01,26.78,UNSTABLE
Beauty_Item_051,Beauty,3.79,3.56,UNSTABLE
Beauty_Item_052,Beauty,2.49,3.16,OK
Beauty_Item_053,Beauty,5.56,5.6,OK
Beauty_Item_054,Beauty,28.21,19.11,UNSTABLE
Beauty_Item_055,Beauty,29.69,38.4,OK
Beauty_Item_056,Beauty,118.09,233.09,OK
Beauty_Item_057,Beauty,67.84,176.33,OK
Beauty_Item_058,Beauty,237.01,43.49,UNSTABLE
Beauty_Item_060,Beauty,61.66,94.22,OK
Beauty_Item_062,Beauty,130.75,9.57,UNSTABLE
Beauty_Item_063,Beauty,1521.51,1495.52,UNSTABLE
Beauty_Item_064,Beauty,7.67,8.53,OK
Beverages_Item_001,Beverages,16.45,18.31,OK
Books_Item_002,Books,3.46,2.58,UNSTABLE
Books_Item_003,Books,4.13,3.67,UNSTABLE
Books_Item_004,Books,1204.05,920.48,UNSTABLE
Books_Item_006,Books,14.24,14.32,OK
Books_Item_007,Books,6.85,14.09,OK
Books_Item_008,Books,24.66,41.29,OK
Cleaning_Supplies_Item_001,Cleaning_Supplies,100.85,188.08,OK
Cleaning_Supplies_Item_002,Cleaning_Supplies,96.26,22.1,UNSTABLE
Cleaning_Supplies_Item_003,Cleaning_Supplies,127.37,234.31,OK
Cleaning_Supplies_Item_004,Cleaning_Supplies,80.0,33.63,UNSTABLE
Cleaning_Supplies_Item_005,Cleaning_Supplies,37.23,40.73,OK
Cleaning_Supplies_Item_006,Cleaning_Supplies,48.4,52.85,OK
Cleaning_Supplies_Item_007,Cleaning_Supplies,681.42,1522.45,OK
Cleaning_Supplies_Item_008,Cleaning_Supplies,37.38,29.68,UNSTABLE
Cleaning_Supplies_Item_009,Cleaning_Supplies,86.13,78.82,UNSTABLE
Cleaning_Supplies_Item_010,Cleaning_Supplies,213.68,453.83,OK
Cleaning_Supplies_Item_011,Cleaning_Supplies,20.45,32.08,OK
Cleaning_Supplies_Item_012,Cleaning_Supplies,431.41,571.55,OK
Cleaning_Supplies_Item_013,Cleaning_Supplies,2900.84,2955.5,OK
Cleaning_Supplies_Item_014,Cleaning_Supplies,8.42,7.9,UNSTABLE
Cleaning_Supplies_Item_015,Cleaning_Supplies,2.91,2.55,UNSTABLE
Cleaning_Supplies_Item_016,Cleaning_Supplies,86.76,85.28,UNSTABLE
Cleaning_Supplies_Item_017,Cleaning_Supplies,31.15,35.44,OK
Cleaning_Supplies_Item_018,Cleaning_Supplies,9.07,1.83,UNSTABLE
Cleaning_Supplies_Item_019,Cleaning_Supplies,29.75,1.22,UNSTABLE
Cleaning_Supplies_Item_020,Cleaning_Supplies,68.29,108.77,OK
Cleaning_Supplies_Item_021,Cleaning_Supplies,91.67,64.09,UNSTABLE
Cleaning_Supplies_Item_022,Cleaning_Supplies,17.78,14.83,UNSTABLE
Cleaning_Supplies_Item_026,Cleaning_Supplies,13.14,17.96,OK
Cleaning_Supplies_Item_027,Cleaning_Supplies,14.94,16.44,OK
Cleaning_Supplies_Item_028,Cleaning_Supplies,28.18,12.0,UNSTABLE
Cleaning_Supplies_Item_029,Cleaning_Supplies,19.81,3.74,UNSTABLE
Cleaning_Supplies_Item_030,Cleaning_Supplies,31.27,24.21,UNSTABLE
Cleaning_Supplies_Item_032,Cleaning_Supplies,11.82,6.9,UNSTABLE
Cleaning_Supplies_Item_033,Cleaning_Supplies,10.92,9.85,UNSTABLE
Cleaning_Supplies_Item_034,Cleaning_Supplies,14.64,21.67,OK
Cleaning_Supplies_Item_036,Cleaning_Supplies,5.57,5.1,UNSTABLE
Cleaning_Supplies_Item_038,Cleaning_Supplies,20.67,18.87,UNSTABLE
Cleaning_Supplies_Item_039,Cleaning_Supplies,27.41,12.54,UNSTABLE
Cleaning_Supplies_Item_041,Cleaning_Supplies,9.51,13.1,OK
Cleaning_Supplies_Item_043,Cleaning_Supplies,18.82,16.54,UNSTABLE
Cleaning_Supplies_Item_044,Cleaning_Supplies,6000.31,1526.98,UNSTABLE
Cleaning_Supplies_Item_045,Cleaning_Supplies,9.3,9.53,OK
Cleaning_Supplies_Item_046,Cleaning_Supplies,23.73,26.6,OK
Cleaning_Supplies_Item_047,Cleaning_Supplies,24.9,10.2,UNSTABLE
Cleaning_Supplies_Item_048,Cleaning_Supplies,65.37,162.32,OK
Cleaning_Supplies_Item_049,Cleaning_Supplies,237.79,101.58,UNSTABLE
Cleaning_Supplies_Item_050,Cleaning_Supplies,1184.09,2941.78,OK
Cleaning_Supplies_Item_051,Cleaning_Supplies,493.36,761.04,OK
Cleaning_Supplies_Item_052,Cleaning_Supplies,238.06,228.61,UNSTABLE
Cleaning_Supplies_Item_053,Cleaning_Supplies,29.93,22.19,UNSTABLE
Clothing_Item_001,Clothing,63.58,61.24,UNSTABLE
Clothing_Item_002,Clothing,746.46,631.71,UNSTABLE
Clothing_Item_003,Clothing,184.22,184.0,UNSTABLE
Clothing_Item_004,Clothing,172.54,409.14,OK
Clothing_Item_005,Clothing,693.61,573.91,UNSTABLE
Clothing_Item_006,Clothing,130.14,82.29,UNSTABLE
Clothing_Item_007,Clothing,490.48,509.7,OK
Clothing_Item_008,Clothing,534.36,124.16,UNSTABLE
Clothing_Item_015,Clothing,27.49,35.94,OK
Clothing_Item_018,Clothing,215.92,211.06,UNSTABLE
Clothing_Item_019,Clothing,157.41,125.43,UNSTABLE
Clothing_Item_021,Clothing,129.44,116.5,UNSTABLE
Clothing_Item_023,Clothing,72.53,93.48,OK
Clothing_Item_027,Clothing,740.13,779.81,OK
Clothing_Item_028,Clothing,1027.37,515.7,UNSTABLE
Clothing_Item_029,Clothing,87.13,85.91,UNSTABLE
Clothing_Item_030,Clothing,22.06,43.3,OK
Clothing_Item_031,Clothing,371.2,150.2,UNSTABLE
Clothing_Item_032,Clothing,674.12,600.97,UNSTABLE
Clothing_Item_033,Clothing,126.54,67.94,UNSTABLE
Clothing_Item_034,Clothing,157.89,131.17,UNSTABLE
Clothing_Item_035,Clothing,114.96,106.31,UNSTABLE
Clothing_Item_036,Clothing,282.85,55.82,UNSTABLE
Clothing_Item_037,Clothing,822.58,1042.85,OK
Clothing_Item_038,Clothing,3632.36,4053.01,OK
Clothing_Item_039,Clothing,683.92,878.91,OK
Clothing_Item_040,Clothing,158.25,175.3,OK
Clothing_Item_041,Clothing,175.55,61.7,UNSTABLE
Clothing_Item_042,Clothing,143.93,185.03,OK
Clothing_Item_043,Clothing,1278.69,374.36,UNSTABLE
Clothing_Item_044,Clothing,259.26,252.2,UNSTABLE
Clothing_Item_045,Clothing,2343.68,1744.35,UNSTABLE
Clothing_Item_046,Clothing,1189.01,1351.77,OK
Clothing_Item_047,Clothing,86.95,69.64,UNSTABLE
Clothing_Item_048,Clothing,62.62,65.08,OK
Clothing_Item_049,Clothing,485.65,359.71,UNSTABLE
Clothing_Item_050,Clothing,69.75,55.92,UNSTABLE
Clothing_Item_051,Clothing,789.35,824.92,OK
Clothing_Item_060,Clothing,33.53,20.69,UNSTABLE
Clothing_Item_061,Clothing,251.56,121.56,UNSTABLE
Clothing_Item_062,Clothing,121.26,97.35,UNSTABLE
Clothing_Item_063,Clothing,774.93,826.53,OK
Clothing_Item_064,Clothing,732.22,3950.95,OK
Clothing_Item_065,Clothing,1356.77,1062.69,UNSTABLE
Clothing_Item_066,Clothing,566.12,566.95,OK
Clothing_Item_067,Clothing,3026.2,1438.23,UNSTABLE
Clothing_Item_068,Clothing,469.4,1181.8,OK
Clothing_Item_069,Clothing,316.68,297.17,UNSTABLE
Clothing_Item_070,Clothing,3155.37,1625.15,UNSTABLE
Clothing_Item_071,Clothing,176.9,84.81,UNSTABLE
Clothing_Item_072,Clothing,176.36,12.1,UNSTABLE
Clothing_Item_074,Clothing,1478.66,418.1,UNSTABLE
Clothing_Item_077,Clothing,108.8,140.56,OK
Clothing_Item_078,Clothing,139.09,149.12,OK
Clothing_Item_079,Clothing,321.88,244.91,UNSTABLE
Clothing_Item_080,Clothing,220.08,82.53,UNSTABLE
Clothing_Item_081,Clothing,92.14,282.51,OK
Clothing_Item_082,Clothing,340.29,89.56,UNSTABLE
Clothing_Item_083,Clothing,31.34,4.93,UNSTABLE
Clothing_Item_084,Clothing,1334.37,501.41,UNSTABLE
Clothing_Item_085,Clothing,246.07,126.76,UNSTABLE
Clothing_Item_086,Clothing,126.77,28.29,UNSTABLE
Clothing_Item_087,Clothing,223.71,189.36,UNSTABLE
Clothing_Item_088,Clothing,1973.78,1161.14,UNSTABLE
Clothing_Item_089,Clothing,746.85,123.56,UNSTABLE
Clothing_Item_090,Clothing,186.91,52.67,UNSTABLE
Clothing_Item_091,Clothing,1136.99,523.7,UNSTABLE
Clothing_Item_092,Clothing,1106.1,298.12,UNSTABLE
Clothing_Item_093,Clothing,222.05,222.05,UNSTABLE
Clothing_Item_094,Clothing,5604.38,3539.95,UNSTABLE
Clothing_Item_095,Clothing,862.25,222.37,UNSTABLE
Clothing_Item_096,Clothing,290.48,481.74,OK
Clothing_Item_097,Clothing,309.63,98.01,UNSTABLE
Clothing_Item_098,Clothing,1412.66,193.33,UNSTABLE
Clothing_Item_099,Clothing,136.94,166.0,OK
Clothing_Item_100,Clothing,1536.03,178.89,UNSTABLE
Clothing_Item_101,Clothing,178.25,175.51,UNSTABLE
Clothing_Item_102,Clothing,69.75,50.75,UNSTABLE
Computers_Item_001,Computers,5949.66,5973.97,OK
Computers_Item_002,Computers,93228.04,29755.95,UNSTABLE
Computers_Item_003,Computers,1775.13,1815.67,OK
Computers_Item_004,Computers,2591.69,1962.14,UNSTABLE
Computers_Item_005,Computers,1419.08,1608.83,OK
Computers_Item_006,Computers,187.44,300.0,OK
Computers_Item_007,Computers,1935.69,2446.77,OK
Computers_Item_008,Computers,3332.69,5549.02,OK
Computers_Item_009,Computers,955.53,1009.95,OK
Computers_Item_010,Computers,1081.39,974.68,UNSTABLE
Computers_Item_011,Computers,6726.36,7801.6,OK
Computers_Item_012,Computers,31811.46,16000.0,UNSTABLE
Computers_Item_013,Computers,4975.09,3224.39,UNSTABLE
Computers_Item_014,Computers,5925.24,3511.88,UNSTABLE
Computers_Item_015,Computers,5206.53,3240.37,UNSTABLE
Computers_Item_016,Computers,27472.11,29619.7,OK
Computers_Item_017,Computers,4568.7,2951.27,UNSTABLE
Computers_Item_018,Computers,12906.36,6469.93,UNSTABLE
Computers_Item_019,Computers,4679.63,5114.52,OK
Computers_Item_020,Computers,9406.07,16331.72,OK
Computers_Item_021,Computers,58515.4,18875.69,UNSTABLE
Computers_Item_022,Computers,2738.13,2293.11,UNSTABLE
Computers_Item_023,Computers,3197.08,5094.77,OK
Computers_Item_024,Computers,1727.5,2415.23,OK
Computers_Item_025,Computers,6674.74,7090.96,OK
Computers_Item_026,Computers,7624.7,3200.26,UNSTABLE
Computers_Item_027,Computers,1035.51,908.3,UNSTABLE
Computers_Item_028,Computers,413.06,626.5,OK
Computers_Item_029,Computers,151.51,163.3,OK
Computers_Item_030,Computers,639.42,285.77,UNSTABLE
Computers_Item_031,Computers,16863.41,16982.64,OK
Computers_Item_032,Computers,2279.06,8689.17,OK
Computers_Item_033,Computers,222988.28,295142.34,OK
Computers_Item_034,Computers,3586.3,4607.06,OK
Computers_Item_035,Computers,3843.4,7655.5,OK
Computers_Item_036,Computers,8275.93,11456.44,OK
Computers_Item_037,Computers,3991.62,4817.5,OK
Computers_Item_038,Computers,12069.17,2081.67,UNSTABLE
Computers_Item_039,Computers,938.49,530.72,UNSTABLE
Computers_Item_041,Computers,992.5,1169.76,OK
Computers_Item_042,Computers,603.0,450.92,UNSTABLE
Computers_Item_043,Computers,2117.21,1095.45,UNSTABLE
Computers_Item_044,Computers,55.47,67.7,OK
Computers_Item_045,Computers,318.5,310.91,UNSTABLE
Computers_Item_046,Computers,2362.71,550.76,UNSTABLE
Computers_Item_047,Computers,2993.24,3185.99,OK
Computers_Item_048,Computers,3800.97,1625.1,UNSTABLE
Computers_Item_049,Computers,5240.79,3214.55,UNSTABLE
Computers_Item_051,Computers,15979.84,19412.2,OK
Computers_Item_052,Computers,10626.93,17004.9,OK
Computers_Item_053,Computers,791.27,1224.74,OK
Computers_Item_054,Computers,10227.95,26293.22,OK
Computers_Item_055,Computers,7003.22,5887.84,UNSTABLE
Computers_Item_056,Computers,21118.84,17430.82,UNSTABLE
Computers_Item_057,Computers,947.69,1000.0,OK
Computers_Item_060,Computers,91.58,104.24,OK
Computers_Item_061,Computers,134.11,279.88,OK
Computers_Item_062,Computers,566.74,472.58,UNSTABLE
Computers_Item_063,Computers,11646.02,11870.83,OK
Computers_Item_065,Computers,1229.7,1414.21,OK
Computers_Item_066,Computers,1306.87,1467.42,OK
Computers_Item_067,Computers,3491.56,3212.48,UNSTABLE
Computers_Item_068,Computers,10185.7,5196.15,UNSTABLE
Computers_Item_069,Computers,1125.61,541.6,UNSTABLE
Computers_Item_070,Computers,1460.5,1649.24,OK
Computers_Item_071,Computers,1966.74,1224.74,UNSTABLE
Computers_Item_072,Computers,3872.08,3679.9,UNSTABLE
Computers_Item_073,Computers,2435.6,2530.48,OK
Computers_Item_074,Computers,2225.55,3860.7,OK
Computers_Item_075,Computers,9085.06,14668.56,OK
Computers_Item_076,Computers,18829.72,13812.01,UNSTABLE
Computers_Item_077,Computers,20235.83,47954.84,OK
Computers_Item_080,Computers,585.49,1832.58,OK
Computers_Item_081,Computers,1698.06,2588.76,OK
Computers_Item_082,Computers,10423.85,12536.61,OK
Computers_Item_083,Computers,4496.7,4845.96,OK
Computers_Item_085,Computers,4079.12,4108.12,OK
Computers_Item_086,Computers,2921.99,3185.91,OK
Computers_Item_087,Computers,1734.6,4476.98,OK
Computers_Item_088,Computers,2614.6,3807.89,OK
Computers_Item_089,Computers,752.0,1036.02,OK
Computers_Item_090,Computers,1500.26,546.2,UNSTABLE
Computers_Item_092,Computers,1260.49,1023.07,UNSTABLE
Computers_Item_093,Computers,3167.47,4137.63,OK
Computers_Item_094,Computers,3578.2,2205.3,UNSTABLE
Computers_Item_095,Computers,2828.06,2988.31,OK
Computers_Item_096,Computers,546.03,518.01,UNSTABLE
Computers_Item_097,Computers,359.22,460.07,OK
Computers_Item_098,Computers,687.85,1274.1,OK
Computers_Item_099,Computers,557.04,420.32,UNSTABLE
Computers_Item_100,Computers,264.98,387.3,OK
Computers_Item_101,Computers,185.37,195.79,OK
Computers_Item_102,Computers,28201.03,27711.07,UNSTABLE
Computers_Item_103,Computers,32805.19,23533.66,UNSTABLE
Computers_Item_104,Computers,15952.36,20761.94,OK
Computers_Item_105,Computers,41856.44,86762.13,OK
Computers_Item_106,Computers,10235.39,13121.23,OK
Computers_Item_107,Computers,252.49,355.9,OK
Computers_Item_108,Computers,205.42,258.2,OK
Computers_Item_109,Computers,10022.49,2022.79,UNSTABLE
Computers_Item_110,Computers,488.45,494.97,OK
Computers_Item_111,Computers,21.02,21.6,OK
Computers_Item_112,Computers,4008.87,3753.0,UNSTABLE
Computers_Item_113,Computers,1349.84,1737.34,OK
Computers_Item_114,Computers,2364.94,1368.09,UNSTABLE
Computers_Item_115,Computers,1165.65,1000.0,UNSTABLE
Computers_Item_116,Computers,7866.83,5365.63,UNSTABLE
Computers_Item_117,Computers,25331.29,72957.75,OK
Computers_Item_118,Computers,1013.33,840.63,UNSTABLE
Computers_Item_119,Computers,180.06,158.11,UNSTABLE
Computers_Item_120,Computers,256.97,247.45,UNSTABLE
Computers_Item_121,Computers,106.32,28.87,UNSTABLE
Computers_Item_122,Computers,20539.93,4254.02,UNSTABLE
Computers_Item_123,Computers,4191.99,2532.46,UNSTABLE
Computers_Item_124,Computers,2453.7,3480.18,OK
Computers_Item_125,Computers,2784.57,4629.97,OK
Computers_Item_126,Computers,23313.91,12436.51,UNSTABLE
Computers_Item_127,Computers,1363.17,2798.81,OK
Computers_Item_128,Computers,17554.14,15184.75,UNSTABLE
Computers_Item_129,Computers,136206.05,147541.52,OK
Computers_Item_130,Computers,4015.91,4281.74,OK
Computers_Item_131,Computers,4586.37,7788.88,OK
Computers_Item_132,Computers,5282.6,4411.35,UNSTABLE
Computers_Item_133,Computers,4913.41,4163.33,UNSTABLE
Computers_Item_134,Computers,373.91,395.81,OK
Computers_Item_135,Computers,8738.56,6137.32,UNSTABLE
Computers_Item_136,Computers,8161.06,8924.5,OK
Computers_Item_137,Computers,610.35,619.14,OK
Computers_Item_138,Computers,4338.17,816.5,UNSTABLE
Computers_Item_139,Computers,2916.34,2397.57,UNSTABLE
Computers_Item_140,Computers,2204.24,2144.37,UNSTABLE
Computers_Item_141,Computers,3642.3,5363.77,OK
Computers_Item_142,Computers,2823.01,3573.28,OK
Computers_Item_143,Computers,12453.96,13159.28,OK
Computers_Item_144,Computers,2072.45,912.87,UNSTABLE
Computers_Item_146,Computers,24566.72,22678.77,UNSTABLE
Computers_Item_147,Computers,1815.33,2375.57,OK
Computers_Item_148,Computers,1333.93,781.02,UNSTABLE
Computers_Item_149,Computers,15390.91,11895.38,UNSTABLE
Computers_Item_150,Computers,2721.0,1581.14,UNSTABLE
Computers_Item_151,Computers,5009.71,9073.77,OK
Computers_Item_152,Computers,630.22,895.36,OK
Computers_Item_153,Computers,17020.49,14272.35,UNSTABLE
Computers_Item_154,Computers,2483.74,4471.95,OK
Computers_Item_155,Computers,14199.79,24815.99,OK
Computers_Item_156,Computers,953.28,1632.99,OK
Computers_Item_157,Computers,5264.9,5984.42,OK
Computers_Item_158,Computers,1423.69,1375.38,UNSTABLE
Computers_Item_159,Computers,4547.28,2798.81,UNSTABLE
Computers_Item_161,Computers,6449.93,7474.29,OK
Computers_Item_162,Computers,2891.52,7446.25,OK
Computers_Item_163,Computers,707.37,957.43,OK
Computers_Item_164,Computers,1095.66,665.83,UNSTABLE
Computers_Item_165,Computers,24860.8,26870.06,OK
Computers_Item_166,Computers,1874.82,707.11,UNSTABLE
Computers_Item_167,Computers,1657.92,3055.05,OK
Computers_Item_168,Computers,525.21,244.95,UNSTABLE
Computers_Item_169,Computers,14767.53,5008.33,UNSTABLE
Computers_Item_170,Computers,161.9,85.39,UNSTABLE
Computers_Item_171,Computers,5035.38,2864.15,UNSTABLE
Computers_Item_172,Computers,2954.26,2543.17,UNSTABLE
Computers_Item_173,Computers,390.68,460.07,OK
Computers_Item_174,Computers,226.5,114.56,UNSTABLE
Computers_Item_175,Computers,2279.3,2083.67,UNSTABLE
Computers_Item_176,Computers,253.4,173.21,UNSTABLE
Computers_Item_177,Computers,11478.69,19973.61,OK
Computers_Item_178,Computers,1801.69,2611.51,OK
Computers_Item_179,Computers,1737.65,1718.04,UNSTABLE
Computers_Item_180,Computers,485.13,667.08,OK
Computers_Item_181,Computers,1220.07,1802.78,OK
Computers_Item_182,Computers,1396.84,1096.97,UNSTABLE
Computers_Item_185,Computers,278.19,115.47,UNSTABLE
Dairy_Item_001,Dairy,19.3,45.83,OK
Dairy_Item_002,Dairy,68.52,75.17,OK
Dairy_Item_003,Dairy,70.71,66.83,UNSTABLE
Dairy_Item_004,Dairy,90.39,65.57,UNSTABLE
Dairy_Item_005,Dairy,7.04,20.2,OK
Dairy_Item_006,Dairy,122.74,177.46,OK
Dairy_Item_007,Dairy,26.08,25.55,UNSTABLE
Dairy_Item_008,Dairy,30.13,23.33,UNSTABLE
Dairy_Item_009,Dairy,131.61,167.56,OK
Dairy_Item_010,Dairy,17.26,13.4,UNSTABLE
Dairy_Item_011,Dairy,121.39,132.49,OK
Dairy_Item_012,Dairy,7.26,7.05,UNSTABLE
Dairy_Item_013,Dairy,18.88,13.54,UNSTABLE
Dairy_Item_014,Dairy,8.58,18.16,OK
Dairy_Item_015,Dairy,10.72,13.6,OK
Dairy_Item_016,Dairy,11.17,52.67,OK
Dairy_Item_017,Dairy,51.56,57.09,OK
Dairy_Item_018,Dairy,12.78,13.86,OK
Dairy_Item_019,Dairy,259.59,245.37,UNSTABLE
Dairy_Item_020,Dairy,272.97,344.52,OK
Dairy_Item_021,Dairy,111.26,79.71,UNSTABLE
Dairy_Item_022,Dairy,493.2,193.03,UNSTABLE
Dairy_Item_023,Dairy,24.18,38.41,OK
Dairy_Item_024,Dairy,28.97,27.64,UNSTABLE
Dairy_Item_025,Dairy,17.36,9.23,UNSTABLE
Dairy_Item_026,Dairy,27.16,12.96,UNSTABLE
Dairy_Item_027,Dairy,3.77,3.37,UNSTABLE
Dairy_Item_028,Dairy,3.9,4.22,OK
Dairy_Item_029,Dairy,43.25,37.69,UNSTABLE
Dairy_Item_030,Dairy,481.11,407.71,UNSTABLE
Dairy_Item_031,Dairy,38.27,19.15,UNSTABLE
Dairy_Item_032,Dairy,1.77,1.53,UNSTABLE
Dairy_Item_033,Dairy,44.28,55.33,OK
Dairy_Item_034,Dairy,9.9,10.56,OK
Dairy_Item_035,Dairy,11.46,11.74,OK
Dairy_Item_036,Dairy,39.37,29.23,UNSTABLE
Dairy_Item_037,Dairy,10.52,15.72,OK
Dairy_Item_038,Dairy,12.66,13.39,OK
Dairy_Item_039,Dairy,162.33,130.25,UNSTABLE
Dairy_Item_040,Dairy,79.4,82.19,OK
Dairy_Item_041,Dairy,28.37,24.85,UNSTABLE
Electricals_Item_001,Electricals,2.17,1.87,UNSTABLE
Electricals_Item_003,Electricals,2.02,2.68,OK
Electricals_Item_004,Electricals,94.44,35.36,UNSTABLE
Electricals_Item_005,Electricals,4620.69,8896.25,OK
Electricals_Item_006,Electricals,2091.01,2484.28,OK
Electricals_Item_007,Electricals,229.79,405.26,OK
Electricals_Item_010,Electricals,653.89,579.51,UNSTABLE
Electricals_Item_011,Electricals,376.79,301.73,UNSTABLE
Electricals_Item_012,Electricals,12079.43,121.86,UNSTABLE
Electricals_Item_014,Electricals,1371.79,1289.42,UNSTABLE
Electricals_Item_015,Electricals,669.77,553.93,UNSTABLE
Electricals_Item_018,Electricals,682.45,538.73,UNSTABLE
Electricals_Item_019,Electricals,61.57,1044.22,OK
Electricals_Item_020,Electricals,2441.36,2790.61,OK
Electricals_Item_021,Electricals,904.84,790.83,UNSTABLE
Electricals_Item_022,Electricals,270.43,219.85,UNSTABLE
Electricals_Item_023,Electricals,596.75,648.4,OK
Electricals_Item_024,Electricals,1138.98,1284.97,OK
Electricals_Item_025,Electricals,470.54,549.58,OK
Electricals_Item_026,Electricals,929.91,1088.42,OK
Electricals_Item_027,Electricals,698.83,720.58,OK
Electricals_Item_028,Electricals,475.24,61.91,UNSTABLE
Electricals_Item_029,Electricals,1713.7,7167.15,OK
Electricals_Item_030,Electricals,109.07,90.03,UNSTABLE
Electricals_Item_031,Electricals,100.58,346.95,OK
Electricals_Item_032,Electricals,2625.07,2522.65,UNSTABLE
Electricals_Item_035,Electricals,175.56,86.6,UNSTABLE
Electricals_Item_036,Electricals,1774.72,1647.6,UNSTABLE
Electricals_Item_038,Electricals,132.42,104.08,UNSTABLE
Electricals_Item_039,Electricals,1740.67,1000.0,UNSTABLE
Electricals_Item_040,Electricals,4786.77,6427.12,OK
Electricals_Item_042,Electricals,401.68,402.08,OK
Electricals_Item_043,Electricals,364.05,193.65,UNSTABLE
Electricals_Item_044,Electricals,4850.52,894.43,UNSTABLE
Electricals_Item_045,Electricals,161.82,196.85,OK
Electricals_Item_046,Electricals,242.96,160.73,UNSTABLE
Electricals_Item_047,Electricals,71.27,55.08,UNSTABLE
Electricals_Item_048,Electricals,74.47,61.91,UNSTABLE
Electricals_Item_049,Electricals,1635.71,2328.81,OK
Electricals_Item_050,Electricals,3783.4,4314.51,OK
Electricals_Item_051,Electricals,2243.3,302.77,UNSTABLE
Electricals_Item_052,Electricals,126.27,91.1,UNSTABLE
Electricals_Item_054,Electricals,105.65,259.94,OK
Electricals_Item_055,Electricals,781.17,1030.37,OK
Electricals_Item_056,Electricals,1918.07,533.85,UNSTABLE
Electricals_Item_057,Electricals,3716.88,2579.08,UNSTABLE
Electricals_Item_058,Electricals,1200.69,1426.53,OK
Electricals_Item_059,Electricals,931.54,614.07,UNSTABLE
Electricals_Item_060,Electricals,284.18,205.14,UNSTABLE
Electricals_Item_061,Electricals,582.09,613.73,OK
Electricals_Item_062,Electricals,176.36,64.55,UNSTABLE
Electronics_Item_001,Electronics,87.88,91.49,OK
Electronics_Item_002,Electronics,449.95,660.69,OK
Electronics_Item_003,Electronics,282.75,294.24,OK
Electronics_Item_006,Electronics,118.15,20.66,UNSTABLE
Electronics_Item_007,Electronics,1529.54,19.05,UNSTABLE
Electronics_Item_008,Electronics,988.2,770.09,UNSTABLE
Electronics_Item_011,Electronics,77.5,82.16,OK
Electronics_Item_012,Electronics,244.47,333.2,OK
Fitness_Item_001,Fitness,1361.28,4742.44,OK
Fitness_Item_002,Fitness,1319.07,2089.46,OK
Fitness_Item_003,Fitness,1767.61,1862.83,OK
Fitness_Item_004,Fitness,4009.56,6743.05,OK
Fitness_Item_005,Fitness,1321.19,1864.96,OK
Fitness_Item_006,Fitness,5251.25,326.6,UNSTABLE
Fitness_Item_007,Fitness,196.69,24.49,UNSTABLE
Fitness_Item_008,Fitness,508.25,5.72,UNSTABLE
Fitness_Item_009,Fitness,1075.8,61.24,UNSTABLE
Fitness_Item_010,Fitness,3783.75,5003.85,OK
Fitness_Item_011,Fitness,551.42,291.85,UNSTABLE
Fitness_Item_012,Fitness,979.92,121.89,UNSTABLE
Fitness_Item_013,Fitness,303.4,383.17,OK
Fitness_Item_014,Fitness,1868.51,270.8,UNSTABLE
Fitness_Item_015,Fitness,36085.64,42911.59,OK
Fitness_Item_016,Fitness,2277.68,300.0,UNSTABLE
Fitness_Item_017,Fitness,870.77,311.55,UNSTABLE
Fitness_Item_018,Fitness,1089.16,858.54,UNSTABLE
Fitness_Item_019,Fitness,421.47,117.03,UNSTABLE
Fitness_Item_020,Fitness,149.05,295.15,OK
Fitness_Item_021,Fitness,228.22,238.17,OK
Fitness_Item_022,Fitness,123.33,14.73,UNSTABLE
Fitness_Item_023,Fitness,292.52,306.19,OK
Food_Item_001,Food,11.69,12.96,OK
Food_Item_002,Food,2.42,3.63,OK
Food_Item_003,Food,2.52,7.42,OK
Food_Item_004,Food,4.03,2.42,UNSTABLE
Food_Item_005,Food,9.69,28.03,OK
Food_Item_006,Food,211.88,111.09,UNSTABLE
Food_Item_007,Food,10.78,11.01,OK
Food_Item_008,Food,10.65,9.12,UNSTABLE
Food_Item_009,Food,5.16,6.23,OK
Food_Item_010,Food,6.61,3.72,UNSTABLE
Food_Item_011,Food,9.91,9.25,UNSTABLE
Food_Item_012,Food,39.69,38.96,UNSTABLE
Food_Item_013,Food,4.21,4.45,OK
Food_Item_014,Food,4.83,3.11,UNSTABLE
Food_Item_015,Food,2.81,4.65,OK
Food_Item_016,Food,2.91,4.32,OK
Food_Item_017,Food,863.0,20.41,UNSTABLE
Food_Item_018,Food,104.21,60.32,UNSTABLE
Food_Item_019,Food,178.49,317.54,OK
Food_Item_020,Food,82.48,67.7,UNSTABLE
Food_Item_021,Food,93.5,79.71,UNSTABLE
Food_Item_022,Food,280.9,926.46,OK
Food_Item_023,Food,383.09,362.86,UNSTABLE
Food_Item_024,Food,531.74,524.4,UNSTABLE
Food_Item_025,Food,1479.6,1169.8,UNSTABLE
Food_Item_026,Food,404.46,683.97,OK
Food_Item_027,Food,203.78,175.59,UNSTABLE
Food_Item_028,Food,20.44,10.27,UNSTABLE
Food_Item_029,Food,61.36,91.28,OK
Food_Item_030,Food,7.23,8.23,OK
Food_Item_031,Food,3.98,1.35,UNSTABLE
Food_Item_032,Food,83.46,107.12,OK
Food_Item_033,Food,126.11,88.67,UNSTABLE
Food_Item_034,Food,50.23,48.33,UNSTABLE
Food_Item_035,Food,9.4,8.47,UNSTABLE
Food_Item_036,Food,15.28,17.14,OK
Food_Item_037,Food,1354.68,1258.84,UNSTABLE
Food_Item_038,Food,236.34,268.87,OK
Food_Item_039,Food,287.44,152.11,UNSTABLE
Food_Item_040,Food,34.41,44.16,OK
Food_Item_041,Food,111.61,55.45,UNSTABLE
Food_Item_042,Food,17.12,24.48,OK
Food_Item_043,Food,2.35,4.47,OK
Food_Item_044,Food,17.09,13.11,UNSTABLE
Food_Item_045,Food,7.17,7.99,OK
Food_Item_046,Food,113.74,142.8,OK
Food_Item_047,Food,37.43,30.47,UNSTABLE
Food_Item_048,Food,5.11,5.8,OK
Food_Item_049,Food,2.64,2.27,UNSTABLE
Food_Item_050,Food,37.27,38.78,OK
Food_Item_051,Food,55.24,66.3,OK
Food_Item_055,Food,12.66,9.09,UNSTABLE
Food_Item_056,Food,14.92,12.86,UNSTABLE
Food_Item_057,Food,297.82,296.33,UNSTABLE
Food_Item_058,Food,49.52,44.49,UNSTABLE
Food_Item_059,Food,27.95,35.36,OK
Food_Item_060,Food,43.22,46.77,OK
Food_Item_061,Food,44.97,58.63,OK
Food_Item_062,Food,143.66,185.12,OK
Food_Item_063,Food,45.33,59.51,OK
Food_Item_064,Food,79.67,100.0,OK
Food_Item_065,Food,32.42,41.42,OK
Food_Item_066,Food,27.51,26.66,UNSTABLE
Food_Item_067,Food,376.6,129.5,UNSTABLE
Food_Item_068,Food,122.62,175.3,OK
Food_Item_069,Food,32.35,91.86,OK
Food_Item_070,Food,61.35,80.36,OK
Food_Item_071,Food,65.84,73.6,OK
Food_Item_072,Food,127.65,133.85,OK
Food_Item_073,Food,17.62,20.32,OK
Food_Item_074,Food,21.17,23.57,OK
Food_Item_075,Food,52.2,177.22,OK
Food_Item_076,Food,37.97,113.12,OK
Food_Item_077,Food,56.58,69.25,OK
Food_Item_078,Food,33.98,31.16,UNSTABLE
Food_Item_079,Food,36.54,77.0,OK
Food_Item_080,Food,107.87,77.0,UNSTABLE
Food_Item_081,Food,91.79,173.69,OK
Food_Item_082,Food,67.92,63.18,UNSTABLE
Food_Item_083,Food,10.32,12.98,OK
Food_Item_084,Food,17.85,28.93,OK
Food_Item_085,Food,161.89,98.95,UNSTABLE
Food_Item_086,Food,422.53,353.41,UNSTABLE
Food_Item_087,Food,134.32,151.73,OK
Food_Item_088,Food,82.38,94.1,OK
Food_Item_089,Food,1127.52,1423.79,OK
Food_Item_090,Food,102.53,45.64,UNSTABLE
Food_Item_091,Food,108.11,168.33,OK
Food_Item_092,Food,159.77,75.69,UNSTABLE
Food_Item_093,Food,24.88,37.36,OK
Food_Item_094,Food,80.75,91.86,OK
Food_Item_095,Food,68.42,121.96,OK
Food_Item_096,Food,160.79,156.83,UNSTABLE
Food_Item_097,Food,198.09,189.76,UNSTABLE
Food_Item_098,Food,6.92,18.6,OK
Food_Item_099,Food,27.11,24.24,UNSTABLE
Food_Item_100,Food,70.53,146.27,OK
Food_Item_101,Food,212.88,190.94,UNSTABLE
Food_Item_102,Food,266.45,201.3,UNSTABLE
Food_Item_103,Food,137.17,162.02,OK
Food_Item_104,Food,146.75,98.95,UNSTABLE
Food_Item_105,Food,264.4,316.89,OK
Food_Item_106,Food,97.02,179.7,OK
Food_Item_107,Food,104.63,108.01,OK
Food_Item_108,Food,128.31,93.54,UNSTABLE
Food_Item_109,Food,21.68,36.75,OK
Food_Item_110,Food,55.17,109.96,OK
Food_Item_111,Food,61.91,63.87,OK
Food_Item_112,Food,28.55,30.96,OK
Food_Item_113,Food,22.75,29.51,OK
Food_Item_114,Food,30.78,30.07,UNSTABLE
Food_Item_115,Food,25.61,21.79,UNSTABLE
Food_Item_116,Food,55.64,53.58,UNSTABLE
Food_Item_117,Food,431.58,479.58,OK
Food_Item_118,Food,245.72,232.51,UNSTABLE
Food_Item_119,Food,228.36,314.08,OK
Food_Item_120,Food,120.34,97.89,UNSTABLE
Food_Item_121,Food,220.16,425.73,OK
Food_Item_122,Food,72.46,88.98,OK
Food_Item_123,Food,71.98,141.05,OK
Food_Item_124,Food,136.47,53.03,UNSTABLE
Food_Item_125,Food,25.11,38.31,OK
Food_Item_126,Food,40.04,86.74,OK
Food_Item_127,Food,15.89,26.24,OK
Food_Item_128,Food,17.45,20.82,OK
Food_Item_129,Food,1167.63,1173.14,OK
Food_Item_130,Food,315.09,262.4,UNSTABLE
Food_Item_131,Food,95.81,88.98,UNSTABLE
Food_Item_132,Food,36.45,94.1,OK
Food_Item_133,Food,68.74,48.95,UNSTABLE
Food_Item_134,Food,52.15,35.36,UNSTABLE
Food_Item_135,Food,173.91,621.99,OK
Food_Item_136,Food,152.83,77.73,UNSTABLE
Food_Item_137,Food,37.36,33.04,UNSTABLE
Food_Item_138,Food,94.13,96.71,OK
Food_Item_140,Food,12.56,25.82,OK
Food_Item_141,Food,356.13,393.7,OK
Food_Item_142,Food,155.76,191.63,OK
Food_Item_143,Food,41.3,78.32,OK
Food_Item_144,Food,44.83,40.98,UNSTABLE
Food_Item_145,Food,120.54,40.47,UNSTABLE
Food_Item_146,Food,51.28,150.97,OK
Food_Item_147,Food,141.35,174.27,OK
Food_Item_148,Food,70.01,77.67,OK
Food_Item_149,Food,125.86,131.5,OK
Food_Item_150,Food,22.64,12.54,UNSTABLE
Food_Item_151,Food,15.42,17.2,OK
Food_Item_152,Food,155.43,194.39,OK
Food_Item_153,Food,173.85,138.08,UNSTABLE
Food_Item_154,Food,181.21,231.88,OK
Food_Item_155,Food,22.39,24.41,OK
Food_Item_156,Food,48.76,55.26,OK
Food_Item_157,Food,196.84,205.8,OK
Food_Item_158,Food,66.2,97.57,OK
Food_Item_159,Food,14.31,15.3,OK
Food_Item_160,Food,36.83,49.1,OK
Food_Item_161,Food,10.98,14.36,OK
Food_Item_162,Food,16.12,12.44,UNSTABLE
Food_Item_163,Food,6.87,15.12,OK
Food_Item_164,Food,14.03,12.23,UNSTABLE
Food_Item_165,Food,13.65,10.86,UNSTABLE
Food_Item_166,Food,18.83,29.08,OK
Food_Item_167,Food,13.78,10.55,UNSTABLE
Food_Item_168,Food,7.06,7.28,OK
Food_Item_169,Food,11.03,10.21,UNSTABLE
Food_Item_170,Food,35.38,38.19,OK
Food_Item_172,Food,35.86,46.77,OK
Food_Item_176,Food,55.98,19.69,UNSTABLE
Food_Item_177,Food,56.59,30.99,UNSTABLE
Food_Item_178,Food,78.03,42.08,UNSTABLE
Food_Item_179,Food,65.98,41.4,UNSTABLE
Food_Item_180,Food,37.0,20.58,UNSTABLE
Food_Item_181,Food,34.27,49.62,OK
Food_Item_182,Food,20.31,36.33,OK
Food_Item_183,Food,48.44,79.71,OK
Food_Item_184,Food,23.66,27.14,OK
Food_Item_185,Food,9.85,5.42,UNSTABLE
Food_Item_186,Food,6.75,3.58,UNSTABLE
Food_Item_187,Food,8.3,20.02,OK
Food_Item_188,Food,9.95,9.51,UNSTABLE
Food_Item_189,Food,17.01,20.08,OK
Food_Item_190,Food,31.77,30.36,UNSTABLE
Food_Item_191,Food,4.34,7.74,OK
Food_Item_192,Food,11.54,5.15,UNSTABLE
Food_Item_193,Food,13.4,15.15,OK
Food_Item_194,Food,5.87,6.42,OK
Food_Item_195,Food,6.85,11.48,OK
Food_Item_196,Food,10.83,11.39,OK
Food_Item_197,Food,10.3,16.93,OK
Food_Item_198,Food,4.96,15.81,OK
Food_Item_199,Food,20.71,22.22,OK
Food_Item_200,Food,9.04,10.09,OK
Food_Item_201,Food,6.78,6.03,UNSTABLE
Food_Item_202,Food,41.5,38.37,UNSTABLE
Food_Item_203,Food,7.91,10.92,OK
Food_Item_204,Food,6.54,6.12,UNSTABLE
Food_Item_205,Food,8.33,7.99,UNSTABLE
Food_Item_206,Food,11.15,7.91,UNSTABLE
Food_Item_207,Food,9.88,12.61,OK
Food_Item_209,Food,5.69,10.09,OK
Food_Item_210,Food,7.18,6.26,UNSTABLE
Food_Item_211,Food,22.12,29.52,OK
Food_Item_212,Food,1.7,1.47,UNSTABLE
Food_Item_213,Food,4.48,3.94,UNSTABLE
Food_Item_214,Food,3.62,3.37,UNSTABLE
Food_Item_215,Food,2.14,0.91,UNSTABLE
Food_Item_216,Food,2.27,2.08,UNSTABLE
Food_Item_217,Food,9.48,12.64,OK
Food_Item_218,Food,3.77,3.79,OK
Food_Item_219,Food,2.87,1.96,UNSTABLE
Food_Item_220,Food,2.71,3.54,OK
Food_Item_222,Food,6.82,7.13,OK
Food_Item_223,Food,2.64,2.55,UNSTABLE
Food_Item_224,Food,2.49,3.03,OK
Food_Item_225,Food,4.11,4.34,OK
Food_Item_226,Food,7.73,19.34,OK
Food_Item_227,Food,14.38,11.06,UNSTABLE
Food_Item_228,Food,4.11,4.81,OK
Food_Item_229,Food,88.67,92.52,OK
Food_Item_230,Food,14.71,29.79,OK
Food_Item_232,Food,4.72,9.49,OK
Food_Item_233,Food,50.9,32.53,UNSTABLE
Food_Item_234,Food,18.57,19.66,OK
Food_Item_235,Food,5.1,4.65,UNSTABLE
Food_Item_236,Food,2.09,2.74,OK
Food_Item_237,Food,7.77,7.25,UNSTABLE
Food_Item_238,Food,4.72,3.83,UNSTABLE
Food_Item_239,Food,1.96,3.21,OK
Food_Item_240,Food,3.03,3.92,OK
Food_Item_241,Food,5.05,6.35,OK
Food_Item_243,Food,17.23,16.07,UNSTABLE
Food_Item_244,Food,7.39,6.92,UNSTABLE
Food_Item_245,Food,5.53,8.14,OK
Food_Item_246,Food,6.21,8.05,OK
Food_Item_247,Food,7.54,4.86,UNSTABLE
Food_Item_248,Food,2.15,1.78,UNSTABLE
Food_Item_249,Food,2.04,1.47,UNSTABLE
Food_Item_250,Food,57.15,27.87,UNSTABLE
Food_Item_251,Food,2.49,2.2,UNSTABLE
Food_Item_252,Food,4.03,5.55,OK
Food_Item_253,Food,3.61,5.2,OK
Food_Item_254,Food,5.55,7.02,OK
Food_Item_255,Food,52.98,38.26,UNSTABLE
Food_Item_256,Food,5.41,7.57,OK
Food_Item_257,Food,8.17,17.37,OK
Food_Item_258,Food,3.11,2.89,UNSTABLE
Food_Item_259,Food,114.26,31.51,UNSTABLE
Food_Item_260,Food,11.51,22.59,OK
Food_Item_262,Food,3.42,2.83,UNSTABLE
Food_Item_263,Food,7.7,5.92,UNSTABLE
Food_Item_264,Food,2.09,2.2,OK
Food_Item_265,Food,1.99,2.97,OK
Food_Item_266,Food,3.23,2.24,UNSTABLE
Food_Item_267,Food,2.37,3.24,OK
Food_Item_268,Food,4.41,5.07,OK
Food_Item_269,Food,3.58,2.77,UNSTABLE
Food_Item_270,Food,7.41,6.6,UNSTABLE
Food_Item_271,Food,50.58,61.17,OK
Food_Item_272,Food,3.41,9.34,OK
Food_Item_273,Food,8.61,7.09,UNSTABLE
Food_Item_274,Food,4.05,2.2,UNSTABLE
Food_Item_275,Food,6.75,7.26,OK
Food_Item_276,Food,3.89,3.44,UNSTABLE
Food_Item_277,Food,2.77,21.75,OK
Food_Item_278,Food,3.41,4.36,OK
Footwear_Item_003,Footwear,71.98,37.83,UNSTABLE
Footwear_Item_004,Footwear,101.9,257.37,OK
Footwear_Item_005,Footwear,47.57,46.9,UNSTABLE
Footwear_Item_006,Footwear,306.79,274.97,UNSTABLE
Footwear_Item_007,Footwear,41.92,154.95,OK
Furniture_Item_001,Furniture,2528.32,2020.12,UNSTABLE
Furniture_Item_002,Furniture,275.31,316.98,OK
Furniture_Item_003,Furniture,1104.44,700.25,UNSTABLE
Furniture_Item_004,Furniture,281.06,331.88,OK
Furniture_Item_005,Furniture,708.44,783.6,OK
Furniture_Item_006,Furniture,55.92,19.09,UNSTABLE
Furniture_Item_007,Furniture,15542.07,27065.09,OK
Furniture_Item_008,Furniture,4238.59,3786.64,UNSTABLE
Furniture_Item_009,Furniture,207.85,109.53,UNSTABLE
Furniture_Item_010,Furniture,533.8,922.46,OK
Furniture_Item_011,Furniture,473.67,187.17,UNSTABLE
Furniture_Item_012,Furniture,4836.85,2880.58,UNSTABLE
Furniture_Item_013,Furniture,315.89,286.56,UNSTABLE
Furniture_Item_014,Furniture,790.88,750.18,UNSTABLE
Furniture_Item_015,Furniture,328.25,373.1,OK
Furniture_Item_016,Furniture,1283.21,1600.47,OK
Furniture_Item_017,Furniture,1142.7,1541.0,OK
Furniture_Item_018,Furniture,262.01,209.65,UNSTABLE
Furniture_Item_019,Furniture,621.65,591.76,UNSTABLE
Furniture_Item_020,Furniture,16405.5,21008.71,OK
Furniture_Item_021,Furniture,1471.77,1340.93,UNSTABLE
Furniture_Item_022,Furniture,6022.14,5375.89,UNSTABLE
Furniture_Item_023,Furniture,4347.49,9124.48,OK
Furniture_Item_024,Furniture,3817.39,3804.05,UNSTABLE
Furniture_Item_025,Furniture,710.35,812.74,OK
Furniture_Item_026,Furniture,348.88,274.37,UNSTABLE
Furniture_Item_027,Furniture,158.83,13.4,UNSTABLE
Furniture_Item_028,Furniture,286.97,339.62,OK
Furniture_Item_029,Furniture,5202.37,8491.07,OK
Furniture_Item_030,Furniture,1848.72,2195.83,OK
Furniture_Item_031,Furniture,32099.75,46641.83,OK
Furniture_Item_032,Furniture,489.0,416.33,UNSTABLE
Furniture_Item_033,Furniture,3284.25,2867.33,UNSTABLE
Furniture_Item_034,Furniture,206.9,214.6,OK
Furniture_Item_035,Furniture,11305.39,11928.42,OK
Furniture_Item_036,Furniture,1253.7,1872.61,OK
Furniture_Item_037,Furniture,1335.48,1433.27,OK
Furniture_Item_038,Furniture,8216.77,11827.24,OK
Furniture_Item_039,Furniture,722.43,262.09,UNSTABLE
Furniture_Item_040,Furniture,2733.17,2489.5,UNSTABLE
Furniture_Item_041,Furniture,1046.09,888.82,UNSTABLE
Furniture_Item_042,Furniture,6074.39,7327.47,OK
Furniture_Item_043,Furniture,12118.66,17727.25,OK
Furniture_Item_044,Furniture,7757.45,5459.97,UNSTABLE
Furniture_Item_045,Furniture,46.81,25.85,UNSTABLE
Furniture_Item_046,Furniture,1408.97,451.26,UNSTABLE
Furniture_Item_047,Furniture,217.36,193.35,UNSTABLE
Furniture_Item_048,Furniture,4978.47,3595.45,UNSTABLE
Furniture_Item_049,Furniture,837.51,737.16,UNSTABLE
Furniture_Item_050,Furniture,970.81,486.38,UNSTABLE
Furniture_Item_051,Furniture,290.83,158.73,UNSTABLE
Furniture_Item_052,Furniture,813.65,353.01,UNSTABLE
Furniture_Item_053,Furniture,1615.88,1267.91,UNSTABLE
Furniture_Item_054,Furniture,7782.57,6066.1,UNSTABLE
Furniture_Item_055,Furniture,9156.42,8940.49,UNSTABLE
Furniture_Item_056,Furniture,1195.46,1281.77,OK
Furniture_Item_057,Furniture,4541.86,4229.14,UNSTABLE
Furniture_Item_058,Furniture,1486.42,999.73,UNSTABLE
Furniture_Item_059,Furniture,2262.39,1561.62,UNSTABLE
Furniture_Item_060,Furniture,665.83,685.43,OK
Furniture_Item_061,Furniture,18.8,13.97,UNSTABLE
Furniture_Item_075,Furniture,889.8,282.96,UNSTABLE
Furniture_Item_077,Furniture,1341.68,933.02,UNSTABLE
Furniture_Item_078,Furniture,1323.35,1478.2,OK
Furniture_Item_079,Furniture,4242.11,2561.06,UNSTABLE
Furniture_Item_080,Furniture,24.78,18.26,UNSTABLE
Furniture_Item_081,Furniture,1391.25,1428.32,OK
Furniture_Item_082,Furniture,538.97,865.14,OK
Furniture_Item_083,Furniture,358.36,412.77,OK
Furniture_Item_084,Furniture,253.49,147.46,UNSTABLE
Furniture_Item_085,Furniture,103.17,139.06,OK
Furniture_Item_086,Furniture,66.79,47.66,UNSTABLE
Furniture_Item_087,Furniture,30.63,30.44,UNSTABLE
Furniture_Item_088,Furniture,111.91,148.06,OK
Furniture_Item_089,Furniture,10.18,5.92,UNSTABLE
Furniture_Item_090,Furniture,6.98,9.64,OK
Furniture_Item_091,Furniture,78.41,107.32,OK
Furniture_Item_092,Furniture,46.59,50.58,OK
Furniture_Item_093,Furniture,25.41,23.6,UNSTABLE
Furniture_Item_094,Furniture,128.18,612.29,OK
Furniture_Item_095,Furniture,42.6,10.8,UNSTABLE
Furniture_Item_096,Furniture,3799.75,3979.74,OK
Furniture_Item_097,Furniture,379.45,184.3,UNSTABLE
Furniture_Item_098,Furniture,2.35,1.68,UNSTABLE
Furniture_Item_100,Furniture,4472.91,6113.51,OK
Furniture_Item_101,Furniture,626268.38,603729.16,UNSTABLE
Furniture_Item_102,Furniture,6958.39,4763.62,UNSTABLE
Furniture_Item_103,Furniture,172783.17,162761.58,UNSTABLE
Furniture_Item_105,Furniture,28579.39,27284.52,UNSTABLE
Furniture_Item_106,Furniture,192.67,254.1,OK
Furniture_Item_107,Furniture,474.77,709.46,OK
Furniture_Item_108,Furniture,166.08,182.57,OK
Furniture_Item_109,Furniture,508.36,726.87,OK
Furniture_Item_110,Furniture,233.82,261.41,OK
Furniture_Item_111,Furniture,6.06,21.82,OK
Furniture_Item_112,Furniture,11.42,10.32,UNSTABLE
Furniture_Item_113,Furniture,13.62,24.47,OK
Furniture_Item_114,Furniture,3.8,7.7,OK
Furniture_Item_115,Furniture,360.39,203.18,UNSTABLE
Furniture_Item_116,Furniture,272.13,161.76,UNSTABLE
Furniture_Item_117,Furniture,75.6,17.47,UNSTABLE
Furniture_Item_118,Furniture,42.47,41.33,UNSTABLE
Furniture_Item_119,Furniture,44.53,40.42,UNSTABLE
Furniture_Item_120,Furniture,12.41,6.6,UNSTABLE
Furniture_Item_121,Furniture,101.78,43.61,UNSTABLE
Furniture_Item_122,Furniture,160.02,144.41,UNSTABLE
Furniture_Item_123,Furniture,131.69,130.49,UNSTABLE
Furniture_Item_124,Furniture,119.21,12.42,UNSTABLE
Furniture_Item_125,Furniture,60.04,29.34,UNSTABLE
Furniture_Item_126,Furniture,56.16,126.52,OK
Furniture_Item_127,Furniture,472.61,854.26,OK
Furniture_Item_128,Furniture,31.79,8.62,UNSTABLE
Furniture_Item_129,Furniture,8.36,11.63,OK
Furniture_Item_130,Furniture,2.12,4.0,OK
Furniture_Item_131,Furniture,384.91,532.29,OK
Furniture_Item_132,Furniture,12.92,11.19,UNSTABLE
Furniture_Item_133,Furniture,5876.37,1878.83,UNSTABLE
Furniture_Item_134,Furniture,15366.31,8165.37,UNSTABLE
Furniture_Item_135,Furniture,123284.01,111588.34,UNSTABLE
Furniture_Item_136,Furniture,1764.54,496.66,UNSTABLE
Furniture_Item_137,Furniture,5211.76,5183.79,UNSTABLE
Furniture_Item_138,Furniture,3535.83,4108.12,OK
Furniture_Item_140,Furniture,6.06,4.08,UNSTABLE
Furniture_Item_141,Furniture,16.25,14.39,UNSTABLE
Gardening_Item_002,Gardening,28478.97,36663.45,OK
Gardening_Item_003,Gardening,18634.19,19941.58,OK
Gardening_Item_005,Gardening,191.46,230.94,OK
Gardening_Item_006,Gardening,3910.4,4082.48,OK
Gardening_Item_007,Gardening,765.54,378.59,UNSTABLE
Gardening_Item_008,Gardening,31873.02,29583.22,UNSTABLE
Gardening_Item_009,Gardening,202.78,465.92,OK
Gardening_Item_010,Gardening,12596.09,10984.84,UNSTABLE
Gardening_Item_011,Gardening,228.53,628.49,OK
Gardening_Item_012,Gardening,597.43,484.77,UNSTABLE
Gardening_Item_013,Gardening,14876.53,25126.35,OK
Gardening_Item_014,Gardening,526.86,826.64,OK
Gardening_Item_015,Gardening,8859.02,7314.37,UNSTABLE
Gardening_Item_016,Gardening,575.48,575.91,OK
Gardening_Item_017,Gardening,544.87,4161.93,OK
Gardening_Item_018,Gardening,3974.65,1732.05,UNSTABLE
Gardening_Item_019,Gardening,20265.02,26239.28,OK
Gardening_Item_020,Gardening,445.29,445.35,OK
Gardening_Item_021,Gardening,22655.28,29137.6,OK
Gardening_Item_022,Gardening,349.26,255.77,UNSTABLE
Gardening_Item_023,Gardening,4759.12,6403.12,OK
Gardening_Item_024,Gardening,2368.9,3763.86,OK
Gardening_Item_025,Gardening,6399.69,5016.64,UNSTABLE
Gardening_Item_026,Gardening,691.16,881.29,OK
Gardening_Item_027,Gardening,11541.0,6123.72,UNSTABLE
Gardening_Item_028,Gardening,616.71,501.66,UNSTABLE
Gardening_Item_029,Gardening,539.87,494.97,UNSTABLE
Gardening_Item_030,Gardening,7672.7,5446.71,UNSTABLE
Gardening_Item_032,Gardening,1149.49,763.76,UNSTABLE
Gardening_Item_033,Gardening,2423.82,735.98,UNSTABLE
Gardening_Item_034,Gardening,4536.95,6438.81,OK
Gardening_Item_035,Gardening,7080.85,11450.98,OK
Gardening_Item_036,Gardening,16297.77,17198.59,OK
Gardening_Item_037,Gardening,7977.51,5082.65,UNSTABLE
Gardening_Item_038,Gardening,1572.12,1695.58,OK
Gardening_Item_039,Gardening,26609.3,29418.67,OK
Gardening_Item_040,Gardening,26507.46,24843.68,UNSTABLE
Gardening_Item_041,Gardening,109789.26,13603.0,UNSTABLE
Gardening_Item_042,Gardening,1755.61,2150.58,OK
Gardening_Item_043,Gardening,3171.85,781.02,UNSTABLE
Gardening_Item_044,Gardening,3689.25,4060.79,OK
Gardening_Item_045,Gardening,3496.0,2552.78,UNSTABLE
Gardening_Item_046,Gardening,2548.84,1235.58,UNSTABLE
Gardening_Item_048,Gardening,767.17,1190.24,OK
Gardening_Item_049,Gardening,2487.96,3696.85,OK
Gardening_Item_050,Gardening,5415.42,4453.46,UNSTABLE
Gardening_Item_051,Gardening,1747.07,1581.14,UNSTABLE
Gardening_Item_054,Gardening,7584.99,8346.26,OK
Gardening_Item_055,Gardening,4196.51,5074.12,OK
Gardening_Item_056,Gardening,5054.23,248.33,UNSTABLE
Gardening_Item_057,Gardening,846.59,640.31,UNSTABLE
Gardening_Item_058,Gardening,1761.88,12274.91,OK
Gardening_Item_059,Gardening,3376.81,2603.2,UNSTABLE
Gardening_Item_061,Gardening,9549.83,7311.52,UNSTABLE
Gardening_Item_062,Gardening,4155.06,3769.39,UNSTABLE
Gardening_Item_063,Gardening,2204.55,4056.89,OK
Gardening_Item_065,Gardening,935.74,3265.99,OK
Gardening_Item_066,Gardening,221.19,135.4,UNSTABLE
Gardening_Item_067,Gardening,5846.77,6454.97,OK
Gardening_Item_070,Gardening,5228.79,6916.16,OK
Gardening_Item_071,Gardening,610.25,593.01,UNSTABLE
Gardening_Item_072,Gardening,2436.63,1732.05,UNSTABLE
Gardening_Item_073,Gardening,1595.43,1512.72,UNSTABLE
Gardening_Item_074,Gardening,4093.18,4527.69,OK
Gardening_Item_075,Gardening,11360.77,8736.89,UNSTABLE
Gardening_Item_076,Gardening,994.73,1326.65,OK
Gardening_Item_077,Gardening,45801.79,53262.71,OK
Gardening_Item_078,Gardening,502.39,645.5,OK
Gardening_Item_079,Gardening,1525.52,408.25,UNSTABLE
Gardening_Item_081,Gardening,1417.85,1290.99,UNSTABLE
Gardening_Item_082,Gardening,2102.3,1732.05,UNSTABLE
Gardening_Item_083,Gardening,3646.82,2549.51,UNSTABLE
Gardening_Item_084,Gardening,3772.91,5759.05,OK
Gardening_Item_085,Gardening,5533.45,8951.26,OK
Gardening_Item_086,Gardening,5292.86,4377.98,UNSTABLE
Gardening_Item_087,Gardening,8696.95,5315.07,UNSTABLE
Gardening_Item_088,Gardening,3072.22,2309.4,UNSTABLE
Gardening_Item_089,Gardening,2896.86,4434.71,OK
Gardening_Item_090,Gardening,5833.34,6324.56,OK
Gardening_Item_091,Gardening,2647.14,2708.01,OK
Gardening_Item_092,Gardening,9282.6,11210.11,OK
Gardening_Item_093,Gardening,4334.95,3717.97,UNSTABLE
Gardening_Item_094,Gardening,2140.61,3135.81,OK
Gardening_Item_095,Gardening,8058.02,8925.62,OK
Gardening_Item_096,Gardening,9871.79,9763.88,UNSTABLE
Gardening_Item_097,Gardening,607.25,294.39,UNSTABLE
Gardening_Item_098,Gardening,4072.22,8666.79,OK
Gardening_Item_099,Gardening,1281.17,1224.74,UNSTABLE
General_Merchandise_Item_001,General_Merchandise,57134.99,64549.72,OK
General_Merchandise_Item_002,General_Merchandise,159642.83,68799.22,UNSTABLE
General_Merchandise_Item_003,General_Merchandise,7865.8,7071.07,UNSTABLE
General_Merchandise_Item_004,General_Merchandise,91633.8,99916.63,OK
Hardware_Item_001,Hardware,114.01,233.28,OK
Hardware_Item_002,Hardware,89.03,104.17,OK
Hardware_Item_003,Hardware,1452.48,351.06,UNSTABLE
Hardware_Item_004,Hardware,386.42,340.32,UNSTABLE
Hardware_Item_005,Hardware,128.94,112.55,UNSTABLE
Hardware_Item_006,Hardware,1285.9,784.87,UNSTABLE
Hardware_Item_007,Hardware,463.67,132.42,UNSTABLE
Hardware_Item_008,Hardware,234.53,120.58,UNSTABLE
Hardware_Item_009,Hardware,182.32,251.59,OK
Hardware_Item_010,Hardware,10.59,2.04,UNSTABLE
Hardware_Item_011,Hardware,5.54,5.05,UNSTABLE
Hardware_Item_012,Hardware,53.2,18.76,UNSTABLE
Hardware_Item_013,Hardware,29.22,9.39,UNSTABLE
Hardware_Item_014,Hardware,245.54,127.18,UNSTABLE
Hardware_Item_015,Hardware,116.44,75.02,UNSTABLE
Hardware_Item_016,Hardware,104.96,44.99,UNSTABLE
Hardware_Item_017,Hardware,3.37,5.45,OK
Hardware_Item_018,Hardware,4.77,7.14,OK
Hardware_Item_019,Hardware,17.62,15.09,UNSTABLE
Hardware_Item_020,Hardware,9.33,11.21,OK
Hardware_Item_021,Hardware,29.25,28.55,UNSTABLE
Hardware_Item_022,Hardware,6.91,9.5,OK
Hardware_Item_023,Hardware,6.64,8.27,OK
Hardware_Item_024,Hardware,71.78,56.34,UNSTABLE
Hardware_Item_025,Hardware,183.0,125.34,UNSTABLE
Hardware_Item_026,Hardware,283.06,92.39,UNSTABLE
Hardware_Item_027,Hardware,34.17,34.77,OK
Hardware_Item_028,Hardware,14.2,1.22,UNSTABLE
Hardware_Item_029,Hardware,17.22,17.22,OK
Hardware_Item_030,Hardware,44.76,23.92,UNSTABLE
Hardware_Item_031,Hardware,16.33,15.62,UNSTABLE
Hardware_Item_032,Hardware,6.41,5.26,UNSTABLE
Hardware_Item_033,Hardware,12.89,2.61,UNSTABLE
Hardware_Item_034,Hardware,48.9,48.78,UNSTABLE
Hardware_Item_035,Hardware,485.41,413.06,UNSTABLE
Hardware_Item_036,Hardware,509.64,372.48,UNSTABLE
Hardware_Item_037,Hardware,363.67,208.09,UNSTABLE
Hardware_Item_038,Hardware,675.68,236.96,UNSTABLE
Hardware_Item_039,Hardware,87.29,101.55,OK
Hardware_Item_040,Hardware,76.64,31.24,UNSTABLE
Hardware_Item_041,Hardware,113.67,52.18,UNSTABLE
Hardware_Item_042,Hardware,141.46,47.55,UNSTABLE
Hardware_Item_044,Hardware,133.17,128.65,UNSTABLE
Healthcare_Item_003,Healthcare,963.11,810.64,UNSTABLE
Healthcare_Item_008,Healthcare,91.3,41.78,UNSTABLE
Healthcare_Item_010,Healthcare,936.47,204.94,UNSTABLE
Healthcare_Item_013,Healthcare,237.53,171.44,UNSTABLE
Healthcare_Item_014,Healthcare,426.26,234.59,UNSTABLE
Home_Appliances_Item_001,Home_Appliances,8612.87,9865.77,OK
Home_Appliances_Item_002,Home_Appliances,55250.64,44721.36,UNSTABLE
Home_Appliances_Item_003,Home_Appliances,35195.47,54467.12,OK
Home_Appliances_Item_004,Home_Appliances,4065.73,3109.13,UNSTABLE
Home_Appliances_Item_006,Home_Appliances,3568.1,3979.11,OK
Home_Appliances_Item_007,Home_Appliances,79102.07,61101.01,UNSTABLE
Home_Appliances_Item_008,Home_Appliances,4315.57,9530.65,OK
Home_Appliances_Item_009,Home_Appliances,9905.28,8164.97,UNSTABLE
Home_Appliances_Item_010,Home_Appliances,16923.22,22086.95,OK
Home_Appliances_Item_011,Home_Appliances,133406.85,112268.28,UNSTABLE
Home_Appliances_Item_012,Home_Appliances,22343.16,20784.61,UNSTABLE
Home_Appliances_Item_013,Home_Appliances,89694.64,85561.87,UNSTABLE
Home_Appliances_Item_014,Home_Appliances,4577.81,4448.78,UNSTABLE
Home_Appliances_Item_015,Home_Appliances,27624.42,5196.15,UNSTABLE
Home_Appliances_Item_016,Home_Appliances,141980.69,105163.56,UNSTABLE
Home_Appliances_Item_017,Home_Appliances,15879.04,8266.4,UNSTABLE
Home_Appliances_Item_018,Home_Appliances,83882.98,68624.89,UNSTABLE
Home_Appliances_Item_019,Home_Appliances,1660.57,3883.73,OK
Home_Appliances_Item_020,Home_Appliances,2578.33,1504.99,UNSTABLE
Home_Appliances_Item_021,Home_Appliances,3.29,3.98,OK
Home_Appliances_Item_022,Home_Appliances,228.07,29.44,UNSTABLE
Home_Appliances_Item_023,Home_Appliances,33.47,143.53,OK
Home_Appliances_Item_024,Home_Appliances,4697.44,4005.83,UNSTABLE
Home_Appliances_Item_025,Home_Appliances,2214.8,2008.32,UNSTABLE
Home_Appliances_Item_026,Home_Appliances,13049.89,20550.75,OK
Home_Appliances_Item_027,Home_Appliances,1485.82,866.03,UNSTABLE
Home_Appliances_Item_028,Home_Appliances,10896.95,4464.86,UNSTABLE
Home_Appliances_Item_029,Home_Appliances,22822.81,12523.31,UNSTABLE
Home_Appliances_Item_030,Home_Appliances,78316.43,80622.58,OK
Home_Appliances_Item_031,Home_Appliances,49440.31,69282.03,OK
Home_Appliances_Item_032,Home_Appliances,11765.07,5938.43,UNSTABLE
Home_Appliances_Item_033,Home_Appliances,385.44,1478.74,OK
Home_Appliances_Item_034,Home_Appliances,4103.98,15993.54,OK
Home_Appliances_Item_035,Home_Appliances,2306.35,5185.56,OK
Home_Appliances_Item_036,Home_Appliances,54126.09,32659.86,UNSTABLE
Home_Appliances_Item_037,Home_Appliances,29124.79,28357.83,UNSTABLE
Home_Appliances_Item_038,Home_Appliances,162315.12,199760.27,OK
Home_Appliances_Item_039,Home_Appliances,177329.02,128192.56,UNSTABLE
Home_Appliances_Item_040,Home_Appliances,124205.21,125996.03,OK
Home_Appliances_Item_041,Home_Appliances,653649.48,379890.34,UNSTABLE
Home_Appliances_Item_042,Home_Appliances,35743.61,27688.75,UNSTABLE
Home_Appliances_Item_043,Home_Appliances,20458.83,23003.62,OK
Home_Appliances_Item_044,Home_Appliances,24601.17,12416.39,UNSTABLE
Home_Appliances_Item_045,Home_Appliances,132877.14,182585.6,OK
Home_Appliances_Item_046,Home_Appliances,269873.1,615927.48,OK
Home_Appliances_Item_047,Home_Appliances,180604.61,177082.84,UNSTABLE
Home_Appliances_Item_048,Home_Appliances,155124.14,347443.04,OK
Home_Appliances_Item_049,Home_Appliances,3880.7,3628.59,UNSTABLE
Home_Appliances_Item_050,Home_Appliances,5122.31,5400.62,OK
Home_Appliances_Item_051,Home_Appliances,50419.82,60311.69,OK
Home_Appliances_Item_052,Home_Appliances,61842.95,48476.8,UNSTABLE
Home_Appliances_Item_053,Home_Appliances,55211.63,55901.7,OK
Home_Appliances_Item_054,Home_Appliances,74741.58,25083.19,UNSTABLE
Home_Appliances_Item_055,Home_Appliances,345368.27,415346.24,OK
Home_Appliances_Item_056,Home_Appliances,23316.35,33166.25,OK
Home_Appliances_Item_057,Home_Appliances,15967.51,10992.42,UNSTABLE
Home_Appliances_Item_058,Home_Appliances,16569.28,47784.24,OK
Home_Appliances_Item_059,Home_Appliances,29558.46,35590.26,OK
Home_Appliances_Item_060,Home_Appliances,4.4,4.18,UNSTABLE
Home_Appliances_Item_061,Home_Appliances,4457.52,4894.73,OK
Home_Appliances_Item_062,Home_Appliances,4000.95,3227.49,UNSTABLE
Home_Appliances_Item_063,Home_Appliances,8548.49,5682.58,UNSTABLE
Home_Appliances_Item_064,Home_Appliances,6582.63,9789.45,OK
Home_Appliances_Item_065,Home_Appliances,71974.99,42291.15,UNSTABLE
Home_Appliances_Item_066,Home_Appliances,43926.74,42634.1,UNSTABLE
Home_Appliances_Item_067,Home_Appliances,6132.72,19711.46,OK
Home_Appliances_Item_068,Home_Appliances,4219.0,3214.55,UNSTABLE
Home_Appliances_Item_069,Home_Appliances,1213.38,1632.99,OK
Home_Appliances_Item_070,Home_Appliances,10.08,12.64,OK
Home_Appliances_Item_071,Home_Appliances,18.36,12.53,UNSTABLE
Home_Appliances_Item_072,Home_Appliances,4.43,6.39,OK
Home_Appliances_Item_073,Home_Appliances,6.66,13.8,OK
Home_Appliances_Item_074,Home_Appliances,4.41,6.67,OK
Home_Appliances_Item_075,Home_Appliances,4952.32,5000.0,OK
Home_Appliances_Item_076,Home_Appliances,4434.69,4082.48,UNSTABLE
Home_Appliances_Item_077,Home_Appliances,144862.55,130782.9,UNSTABLE
Home_Appliances_Item_078,Home_Appliances,13891.79,12706.63,UNSTABLE
Home_Appliances_Item_079,Home_Appliances,96131.86,44158.8,UNSTABLE
Home_Appliances_Item_080,Home_Appliances,66731.01,63179.64,UNSTABLE
Home_Appliances_Item_081,Home_Appliances,9906.1,8779.71,UNSTABLE
Home_Appliances_Item_082,Home_Appliances,4781.24,6846.53,OK
Home_Appliances_Item_083,Home_Appliances,6794.05,10557.38,OK
Home_Appliances_Item_084,Home_Appliances,43432.34,28722.81,UNSTABLE
Home_Appliances_Item_085,Home_Appliances,98533.65,19895.56,UNSTABLE
Home_Appliances_Item_086,Home_Appliances,234990.33,146176.98,UNSTABLE
Home_Appliances_Item_087,Home_Appliances,18356.88,55218.13,OK
Home_Appliances_Item_088,Home_Appliances,1953.94,2101.59,OK
Home_Appliances_Item_089,Home_Appliances,6143.69,7144.35,OK
Home_Appliances_Item_090,Home_Appliances,2004.35,7937.25,OK
Home_Appliances_Item_091,Home_Appliances,10416.33,9652.29,UNSTABLE
Home_Appliances_Item_092,Home_Appliances,13445.63,14465.48,OK
Home_Appliances_Item_093,Home_Appliances,13741.74,40841.16,OK
Home_Appliances_Item_094,Home_Appliances,7949.77,5000.0,UNSTABLE
Home_Appliances_Item_095,Home_Appliances,9638.07,11365.15,OK
Home_Appliances_Item_096,Home_Appliances,162870.79,161757.53,UNSTABLE
Home_Appliances_Item_097,Home_Appliances,2632.96,2071.63,UNSTABLE
Home_Appliances_Item_098,Home_Appliances,27851.66,15486.55,UNSTABLE
Home_Appliances_Item_100,Home_Appliances,4267.63,1870.83,UNSTABLE
Home_Appliances_Item_101,Home_Appliances,35109.54,1020.62,UNSTABLE
Home_Appliances_Item_102,Home_Appliances,18325.4,12549.9,UNSTABLE
Home_Appliances_Item_103,Home_Appliances,5762.33,6041.52,OK
Home_Appliances_Item_104,Home_Appliances,4.4,6.16,OK
Home_Appliances_Item_105,Home_Appliances,18.0,28.76,OK
Home_Appliances_Item_106,Home_Appliances,2.54,2.27,UNSTABLE
Home_Appliances_Item_107,Home_Appliances,1.55,2.24,OK
Home_Appliances_Item_108,Home_Appliances,18235.04,21626.57,OK
Home_Appliances_Item_109,Home_Appliances,23288.97,27386.13,OK
Home_Appliances_Item_110,Home_Appliances,43647.81,59441.85,OK
Home_Appliances_Item_111,Home_Appliances,36142.66,32914.03,UNSTABLE
Home_Appliances_Item_112,Home_Appliances,19723.6,24494.9,OK
Kitchenware_Item_001,Kitchenware,102.15,85.0,UNSTABLE
Kitchenware_Item_002,Kitchenware,37.45,18.34,UNSTABLE
Kitchenware_Item_003,Kitchenware,36.8,87.85,OK
Kitchenware_Item_004,Kitchenware,61.31,59.05,UNSTABLE
Kitchenware_Item_005,Kitchenware,30.54,16.6,UNSTABLE
Kitchenware_Item_006,Kitchenware,73.94,63.71,UNSTABLE
Kitchenware_Item_007,Kitchenware,53.38,9.38,UNSTABLE
Lighting_Item_001,Lighting,4.01,4.49,OK
Lighting_Item_002,Lighting,8.82,6.27,UNSTABLE
Lighting_Item_003,Lighting,42.94,65.48,OK
Lighting_Item_004,Lighting,18.2,22.14,OK
Lighting_Item_005,Lighting,48.38,19.35,UNSTABLE
Lighting_Item_006,Lighting,6.02,8.8,OK
Medicine_Item_002,Medicine,1.25,0.71,UNSTABLE
Medicine_Item_004,Medicine,115.95,103.91,UNSTABLE
Medicine_Item_005,Medicine,3861.32,359.41,UNSTABLE
Medicine_Item_006,Medicine,448.75,46.91,UNSTABLE
Medicine_Item_007,Medicine,189.52,584.64,OK
Medicine_Item_008,Medicine,269.14,380.0,OK
Medicine_Item_009,Medicine,45.9,31.89,UNSTABLE
Medicine_Item_010,Medicine,57.31,52.44,UNSTABLE
Medicine_Item_011,Medicine,269.59,285.54,OK
Medicine_Item_012,Medicine,208.25,221.77,OK
Medicine_Item_013,Medicine,181.67,197.84,OK
Mobile_Devices_Item_001,Mobile_Devices,1468.65,1701.85,OK
Personal_Care_Item_001,Personal_Care,823.79,822.6,UNSTABLE
Personal_Care_Item_002,Personal_Care,401.1,321.46,UNSTABLE
Personal_Care_Item_003,Personal_Care,142.32,321.46,OK
Personal_Care_Item_004,Personal_Care,324.54,380.79,OK
Personal_Care_Item_005,Personal_Care,24.58,23.18,UNSTABLE
Personal_Care_Item_006,Personal_Care,70.26,69.08,UNSTABLE
Personal_Care_Item_007,Personal_Care,44.76,66.2,OK
Personal_Care_Item_008,Personal_Care,230.22,215.97,UNSTABLE
Personal_Care_Item_009,Personal_Care,126.77,184.89,OK
Personal_Care_Item_010,Personal_Care,179.1,275.73,OK
Personal_Care_Item_011,Personal_Care,1339.51,1070.83,UNSTABLE
Personal_Care_Item_013,Personal_Care,5.46,8.82,OK
Personal_Care_Item_014,Personal_Care,191.79,189.38,UNSTABLE
Personal_Care_Item_015,Personal_Care,113.02,125.3,OK
Personal_Care_Item_016,Personal_Care,934.42,1254.48,OK
Personal_Care_Item_017,Personal_Care,7.68,14.58,OK
Personal_Care_Item_018,Personal_Care,19.34,24.46,OK
Personal_Care_Item_019,Personal_Care,23.04,17.35,UNSTABLE
Personal_Care_Item_020,Personal_Care,562.02,552.46,UNSTABLE
Personal_Care_Item_021,Personal_Care,10.66,11.66,OK
Personal_Care_Item_022,Personal_Care,159.45,239.36,OK
Personal_Care_Item_023,Personal_Care,14.7,32.87,OK
Personal_Care_Item_024,Personal_Care,268.05,386.59,OK
Personal_Care_Item_025,Personal_Care,215.15,166.38,UNSTABLE
Personal_Care_Item_026,Personal_Care,1136.2,1585.17,OK
Personal_Care_Item_027,Personal_Care,35.73,36.23,OK
Personal_Care_Item_028,Personal_Care,42.49,10.51,UNSTABLE
Personal_Care_Item_029,Personal_Care,136.22,139.68,OK
Personal_Care_Item_030,Personal_Care,73.53,16.46,UNSTABLE
Personal_Care_Item_031,Personal_Care,18.53,18.48,UNSTABLE
Personal_Care_Item_032,Personal_Care,295.07,304.57,OK
Personal_Care_Item_033,Personal_Care,70.58,96.69,OK
Personal_Care_Item_034,Personal_Care,132.1,64.29,UNSTABLE
Personal_Care_Item_035,Personal_Care,3.25,1.41,UNSTABLE
Personal_Care_Item_036,Personal_Care,2.08,1.08,UNSTABLE
Personal_Care_Item_037,Personal_Care,9.67,8.14,UNSTABLE
Personal_Care_Item_038,Personal_Care,437.26,141.36,UNSTABLE
Personal_Care_Item_039,Personal_Care,30898.65,47189.74,OK
Personal_Care_Item_040,Personal_Care,59.45,195.49,OK
Personal_Care_Item_041,Personal_Care,72.45,81.65,OK
Personal_Care_Item_042,Personal_Care,139.81,146.57,OK
Personal_Care_Item_043,Personal_Care,251.49,201.49,UNSTABLE
Personal_Care_Item_044,Personal_Care,122.34,83.67,UNSTABLE
Personal_Care_Item_045,Personal_Care,239.82,165.78,UNSTABLE
Personal_Care_Item_046,Personal_Care,517.52,274.14,UNSTABLE
Personal_Care_Item_047,Personal_Care,3126.66,1710.3,UNSTABLE
Personal_Care_Item_048,Personal_Care,100.81,207.48,OK
Personal_Care_Item_049,Personal_Care,296.0,296.0,UNSTABLE
Personal_Care_Item_050,Personal_Care,120.17,176.68,OK
Personal_Care_Item_051,Personal_Care,858.97,414.0,UNSTABLE
Personal_Care_Item_052,Personal_Care,18788.32,18790.63,OK
Personal_Care_Item_053,Personal_Care,526.67,509.7,UNSTABLE
Personal_Care_Item_054,Personal_Care,284.57,204.46,UNSTABLE
Personal_Care_Item_055,Personal_Care,17.23,24.82,OK
Personal_Care_Item_056,Personal_Care,23.16,35.8,OK
Personal_Care_Item_057,Personal_Care,127.99,153.41,OK
Personal_Care_Item_058,Personal_Care,2871.81,3977.86,OK
Personal_Care_Item_059,Personal_Care,984.51,1095.45,OK
Pet_Supplies_Item_001,Pet_Supplies,105.86,156.84,OK
Pet_Supplies_Item_002,Pet_Supplies,97.26,145.14,OK
Pet_Supplies_Item_003,Pet_Supplies,54.17,35.82,UNSTABLE
Pet_Supplies_Item_004,Pet_Supplies,16.88,10.98,UNSTABLE
Snacks_Item_001,Snacks,1.3,1.22,UNSTABLE
Snacks_Item_002,Snacks,41.79,39.54,UNSTABLE
Snacks_Item_003,Snacks,10.27,7.94,UNSTABLE
Snacks_Item_004,Snacks,4.76,8.18,OK
Snacks_Item_005,Snacks,42.37,73.63,OK
Snacks_Item_006,Snacks,12.17,18.54,OK
Snacks_Item_007,Snacks,1.77,1.96,OK
Snacks_Item_008,Snacks,14.14,10.18,UNSTABLE
Snacks_Item_009,Snacks,880.9,816.75,UNSTABLE
Snacks_Item_010,Snacks,379.01,163.3,UNSTABLE
Snacks_Item_011,Snacks,89.46,93.54,OK
Snacks_Item_012,Snacks,721.41,718.43,UNSTABLE
Snacks_Item_013,Snacks,214.36,203.87,UNSTABLE
Snacks_Item_014,Snacks,8008.61,6090.43,UNSTABLE
Snacks_Item_015,Snacks,2002.45,4869.46,OK
Snacks_Item_016,Snacks,8118.69,3456.4,UNSTABLE
Snacks_Item_017,Snacks,5681.33,10582.97,OK
Snacks_Item_018,Snacks,4424.21,4297.82,UNSTABLE
Snacks_Item_019,Snacks,309.09,511.53,OK
Snacks_Item_020,Snacks,51823.46,33799.09,UNSTABLE
Snacks_Item_021,Snacks,108507.37,15760.76,UNSTABLE
Snacks_Item_022,Snacks,46458.22,21551.2,UNSTABLE
Snacks_Item_023,Snacks,164723.39,11503.84,UNSTABLE
Snacks_Item_024,Snacks,658.12,1737.69,OK
Snacks_Item_025,Snacks,12785.26,17073.57,OK
Snacks_Item_026,Snacks,199988.05,213624.21,OK
Snacks_Item_027,Snacks,4310.5,6615.04,OK
Snacks_Item_028,Snacks,13529.31,9771.81,UNSTABLE
Snacks_Item_029,Snacks,171.36,265.36,OK
Snacks_Item_030,Snacks,2551.92,4816.46,OK
Snacks_Item_031,Snacks,213771.15,170390.51,UNSTABLE
Snacks_Item_032,Snacks,1265.43,2800.45,OK
Snacks_Item_033,Snacks,3562.81,3571.76,OK
Snacks_Item_034,Snacks,682.68,686.78,OK
Snacks_Item_035,Snacks,951.36,978.09,OK
Snacks_Item_036,Snacks,8910.12,2999.51,UNSTABLE
Snacks_Item_037,Snacks,15993.49,19501.92,OK
Snacks_Item_038,Snacks,4663.98,2841.07,UNSTABLE
Snacks_Item_039,Snacks,24588.8,48768.36,OK
Snacks_Item_040,Snacks,3355.6,3547.36,OK
Snacks_Item_041,Snacks,62203.5,28048.52,UNSTABLE
Snacks_Item_042,Snacks,44446.15,9908.41,UNSTABLE
Snacks_Item_043,Snacks,19170.05,13677.19,UNSTABLE
Snacks_Item_044,Snacks,424.36,329.14,UNSTABLE
Snacks_Item_046,Snacks,1228.98,1190.24,UNSTABLE
Snacks_Item_047,Snacks,1179.4,555.28,UNSTABLE
Snacks_Item_048,Snacks,8255.13,14657.65,OK
Snacks_Item_049,Snacks,1919.47,3136.61,OK
Snacks_Item_050,Snacks,720.04,2115.81,OK
Snacks_Item_051,Snacks,351.16,428.17,OK
Snacks_Item_052,Snacks,2535.14,3243.45,OK
Snacks_Item_053,Snacks,261.36,197.91,UNSTABLE
Snacks_Item_054,Snacks,15.1,17.52,OK
Snacks_Item_055,Snacks,9.88,3.21,UNSTABLE
Snacks_Item_056,Snacks,2.45,11.37,OK
Snacks_Item_057,Snacks,39.92,37.41,UNSTABLE
Sports_Item_001,Sports,1330.66,1732.05,OK
Sports_Item_002,Sports,4343.43,5972.16,OK
Sports_Item_003,Sports,680.08,577.35,UNSTABLE
Sports_Item_004,Sports,688.88,302.77,UNSTABLE
Sports_Item_005,Sports,3.41,7.71,OK
Sports_Item_006,Sports,21.42,10.5,UNSTABLE
Sports_Item_007,Sports,2.01,5.0,OK
Sports_Item_008,Sports,15.93,8.35,UNSTABLE
Sports_Item_009,Sports,2335.15,3052.87,OK
Sports_Item_010,Sports,8317.32,13346.91,OK
Sports_Item_011,Sports,101791.8,113964.18,OK
Sports_Item_012,Sports,139018.12,86709.28,UNSTABLE
Sports_Item_013,Sports,115401.94,76272.54,UNSTABLE
Sports_Item_014,Sports,84498.41,33296.65,UNSTABLE
Sports_Item_015,Sports,1392.85,1000.0,UNSTABLE
Sports_Item_016,Sports,2636.06,2558.65,UNSTABLE
Sports_Item_017,Sports,13008.62,12560.79,UNSTABLE
Sports_Item_018,Sports,80553.43,51332.25,UNSTABLE
Sports_Item_019,Sports,96558.72,108372.04,OK
Sports_Item_021,Sports,160871.92,225934.73,OK
Sports_Item_022,Sports,23067.43,22796.2,UNSTABLE
Sports_Item_023,Sports,473.52,1754.99,OK
Sports_Item_024,Sports,103979.84,175837.99,OK
Sports_Item_025,Sports,3850.04,2505.99,UNSTABLE
Sports_Item_026,Sports,45063.9,191767.22,OK
Sports_Item_027,Sports,5335.78,2284.0,UNSTABLE
Sports_Item_028,Sports,11531.74,8484.69,UNSTABLE
Sports_Item_029,Sports,74937.99,67399.31,UNSTABLE
Sports_Item_030,Sports,1720387.94,1379514.83,UNSTABLE
Sports_Item_031,Sports,155010.39,149513.1,UNSTABLE
Sports_Item_032,Sports,53833.52,34246.65,UNSTABLE
Sports_Item_033,Sports,21256.9,23986.11,OK
Sports_Item_034,Sports,1758.26,1400.0,UNSTABLE
Sports_Item_035,Sports,3818.28,3640.74,UNSTABLE
Sports_Item_036,Sports,42274.36,37671.83,UNSTABLE
Sports_Item_037,Sports,1335.53,711.22,UNSTABLE
Sports_Item_038,Sports,957.64,867.23,UNSTABLE
Sports_Item_040,Sports,29906.83,51728.36,OK
Sports_Item_041,Sports,388264.21,270609.75,UNSTABLE
Sports_Item_042,Sports,7670.58,6593.87,UNSTABLE
Sports_Item_044,Sports,5947.38,6763.14,OK
Sports_Item_045,Sports,40700.05,84877.36,OK
Sports_Item_046,Sports,19232.29,15673.76,UNSTABLE
Sports_Item_047,Sports,37316.83,18581.17,UNSTABLE
Sports_Item_048,Sports,2179.94,1484.36,UNSTABLE
Sports_Item_049,Sports,6826.83,7359.8,OK
Sports_Item_050,Sports,2772.29,2236.07,UNSTABLE
Sports_Item_051,Sports,5377.63,10916.35,OK
Sports_Item_052,Sports,18940.5,19235.38,OK
Sports_Item_053,Sports,3975.29,4937.1,OK
Sports_Item_054,Sports,547.21,305.51,UNSTABLE
Sports_Item_055,Sports,10774.61,9412.04,UNSTABLE
Sports_Item_056,Sports,12460.46,8202.95,UNSTABLE
Sports_Item_057,Sports,572.1,480.2,UNSTABLE
Sports_Item_058,Sports,457.97,324.45,UNSTABLE
Sports_Item_059,Sports,13962.83,6292.06,UNSTABLE
Sports_Item_060,Sports,1521.52,1669.83,OK
Sports_Item_061,Sports,7625.09,3887.16,UNSTABLE
Sports_Item_062,Sports,2130.31,4656.36,OK
Sports_Item_063,Sports,4091.11,11175.2,OK
Sports_Item_064,Sports,9599.77,8805.87,UNSTABLE
Sports_Item_065,Sports,5524.88,5709.64,OK
Sports_Item_066,Sports,50440.87,41350.13,UNSTABLE
Sports_Item_067,Sports,6507.96,4747.63,UNSTABLE
Sports_Item_068,Sports,8595.89,11210.11,OK
Sports_Item_069,Sports,1631.82,574.46,UNSTABLE
Sports_Item_070,Sports,55592.96,74614.57,OK
Sports_Item_071,Sports,5582.72,7527.84,OK
Sports_Item_072,Sports,1779.56,349.4,UNSTABLE
Sports_Item_073,Sports,20707.25,20742.07,OK
Sports_Item_074,Sports,463.6,204.12,UNSTABLE
Sports_Item_075,Sports,80.9,65.04,UNSTABLE
Sports_Item_076,Sports,12.72,7.56,UNSTABLE
Sports_Item_077,Sports,6.29,2.45,UNSTABLE
Sports_Item_078,Sports,126.82,82.11,UNSTABLE
Sports_Item_081,Sports,7371.4,8000.73,OK
Sports_Item_082,Sports,17985.09,12754.08,UNSTABLE
Sports_Item_083,Sports,4839.74,5416.03,OK
Sports_Item_084,Sports,1727.1,2384.67,OK
Sports_Item_085,Sports,1059.61,1296.79,OK
Sports_Item_086,Sports,1282.92,1923.97,OK
Sports_Item_087,Sports,982.22,1017.35,OK
Sports_Item_088,Sports,37236.33,23123.08,UNSTABLE
Sports_Item_089,Sports,3309.4,3210.92,UNSTABLE
Sports_Item_090,Sports,16.98,15.35,UNSTABLE
Sports_Item_091,Sports,11.64,20.69,OK
Sports_Item_092,Sports,10.11,3.24,UNSTABLE
Sports_Item_094,Sports,3.01,1.91,UNSTABLE
Sports_Item_095,Sports,605.71,947.8,OK
Sports_Item_096,Sports,180.57,376.39,OK
Sports_Item_097,Sports,680.82,365.15,UNSTABLE
Sports_Item_098,Sports,774.8,416.33,UNSTABLE
Sports_Item_099,Sports,16233.19,13436.58,UNSTABLE
Sports_Item_100,Sports,2260.39,2524.88,OK
Sports_Item_102,Sports,2489.99,3266.24,OK
Sports_Item_103,Sports,1357.06,1187.43,UNSTABLE
Sports_Item_104,Sports,108770.3,64367.43,UNSTABLE
Sports_Item_105,Sports,2335.58,2257.95,UNSTABLE
Sports_Item_106,Sports,571.19,927.36,OK
Sports_Item_107,Sports,25505.69,18055.47,UNSTABLE
Sports_Item_108,Sports,10178.85,10808.95,OK
Sports_Item_109,Sports,999.24,822.6,UNSTABLE
Sports_Item_110,Sports,1042.15,1311.49,OK
Sports_Item_111,Sports,1200.29,297.21,UNSTABLE
Sports_Item_112,Sports,991.41,897.22,UNSTABLE
Sports_Item_113,Sports,2506.44,2483.28,UNSTABLE
Sports_Item_114,Sports,237.08,378.59,OK
Sports_Item_115,Sports,565.94,336.65,UNSTABLE
Sports_Item_116,Sports,1584.05,1825.86,OK
Sports_Item_117,Sports,9919.49,9326.93,UNSTABLE
Sports_Item_118,Sports,6639.76,5307.23,UNSTABLE
Sports_Item_119,Sports,5324.88,11923.37,OK
Sports_Item_120,Sports,531.69,754.98,OK
Sports_Item_121,Sports,9570.22,9551.27,UNSTABLE
Sports_Item_122,Sports,4737.82,4373.21,UNSTABLE
Sports_Item_123,Sports,41140.89,31830.28,UNSTABLE
Sports_Item_124,Sports,104726.11,82512.63,UNSTABLE
Sports_Item_125,Sports,24757.71,40832.99,OK
Sports_Item_126,Sports,4442.67,5000.0,OK
Sports_Item_127,Sports,7672.42,5033.22,UNSTABLE
Sports_Item_128,Sports,27675.87,35100.88,OK
Sports_Item_129,Sports,835.57,3295.45,OK
Sports_Item_130,Sports,29348.99,26035.23,UNSTABLE
Sports_Item_131,Sports,3547.08,4281.74,OK
Sports_Item_132,Sports,3959.53,3805.48,UNSTABLE
Sports_Item_133,Sports,4760.91,5147.82,OK
Sports_Item_134,Sports,7549.93,3055.05,UNSTABLE
Sports_Item_135,Sports,1958.87,2465.43,OK
Sports_Item_136,Sports,597.23,549.24,UNSTABLE
Sports_Item_137,Sports,3836.09,987.42,UNSTABLE
Sports_Item_138,Sports,6089.27,8640.99,OK
Sports_Item_139,Sports,98636.93,118317.37,OK
Sports_Item_140,Sports,142377.86,96344.0,UNSTABLE
Sports_Item_141,Sports,31254.82,19043.81,UNSTABLE
Sports_Item_142,Sports,7439.74,5154.29,UNSTABLE
Sports_Item_143,Sports,114338.16,133712.38,OK
Sports_Item_144,Sports,4713.68,3770.78,UNSTABLE
Sports_Item_145,Sports,25366.07,23988.5,UNSTABLE
Sports_Item_146,Sports,9187.38,13565.83,OK
Sports_Item_147,Sports,967795.85,2545188.34,OK
Sports_Item_148,Sports,587935.13,519539.22,UNSTABLE
Sports_Item_149,Sports,26709.18,58348.09,OK
Sports_Item_150,Sports,36770.86,58328.77,OK
Sports_Item_151,Sports,781746.65,920399.82,OK
Sports_Item_152,Sports,68884.25,26854.55,UNSTABLE
Sports_Item_153,Sports,56880.97,14770.47,UNSTABLE
Sports_Item_154,Sports,1841532.18,2111990.96,OK
Sports_Item_155,Sports,34651.47,3760.76,UNSTABLE
Sports_Item_156,Sports,30439.02,34664.85,OK
Sports_Item_157,Sports,400.33,501.66,OK
Sports_Item_158,Sports,587.21,506.62,UNSTABLE
Sports_Item_159,Sports,34701.77,18592.29,UNSTABLE
Sports_Item_160,Sports,1779.11,1794.44,OK
Sports_Item_161,Sports,2645.16,2521.57,UNSTABLE
Sports_Item_162,Sports,59853.32,47791.2,UNSTABLE
Sports_Item_163,Sports,1899.41,2369.25,OK
Sports_Item_164,Sports,533.06,648.07,OK
Sports_Item_165,Sports,1332.59,1016.53,UNSTABLE
Sports_Item_166,Sports,889.74,912.87,OK
Sports_Item_167,Sports,2204.75,2698.46,OK
Sports_Item_168,Sports,58298.47,56852.06,UNSTABLE
Sports_Item_169,Sports,387490.77,711323.41,OK
Sports_Item_170,Sports,917493.57,1232710.77,OK
Sports_Item_171,Sports,7860.87,5730.04,UNSTABLE
Sports_Item_172,Sports,21957.09,28638.55,OK
Sports_Item_173,Sports,214866.61,328628.46,OK
Sports_Item_174,Sports,48733.85,87015.32,OK
Sports_Item_175,Sports,36583.58,59966.66,OK
Sports_Item_176,Sports,50267.8,38925.14,UNSTABLE
Sports_Item_177,Sports,11210.97,7106.34,UNSTABLE
Sports_Item_178,Sports,14556.89,15356.87,OK
Sports_Item_179,Sports,58229.85,27742.87,UNSTABLE
Sports_Item_180,Sports,686105.06,651319.17,UNSTABLE
Sports_Item_181,Sports,6894.04,7831.88,OK
Sports_Item_182,Sports,10192.51,3546.59,UNSTABLE
Sports_Item_183,Sports,359.21,216.02,UNSTABLE
Sports_Item_184,Sports,200641.06,108111.82,UNSTABLE
Sports_Item_185,Sports,201178.71,146168.85,UNSTABLE
Sports_Item_186,Sports,21172.65,23540.74,OK
Sports_Item_187,Sports,260408.74,224545.84,UNSTABLE
Sports_Item_188,Sports,857.52,2086.46,OK
Sports_Item_189,Sports,28208.66,6071.52,UNSTABLE
Sports_Item_190,Sports,12972.37,6867.8,UNSTABLE
Sports_Item_191,Sports,352626.51,263057.3,UNSTABLE
Sports_Item_192,Sports,432862.71,310827.11,UNSTABLE
Sports_Item_193,Sports,42377.45,18511.26,UNSTABLE
Sports_Item_194,Sports,8405.47,11503.48,OK
Sports_Item_195,Sports,64823.26,42071.37,UNSTABLE
Sports_Item_196,Sports,1689.91,1505.75,UNSTABLE
Sports_Item_197,Sports,538.56,585.41,OK
Sports_Item_198,Sports,1517.39,1140.77,UNSTABLE
Sports_Item_199,Sports,275192.95,218164.17,UNSTABLE
Sports_Item_200,Sports,226062.43,261987.01,OK
Sports_Item_201,Sports,3766.79,577.35,UNSTABLE
Sports_Item_202,Sports,7608.13,7373.15,UNSTABLE
Sports_Item_203,Sports,15327.78,19723.59,OK
Sports_Item_204,Sports,151238.14,173918.0,OK
Sports_Item_205,Sports,1444.56,3113.41,OK
Sports_Item_206,Sports,906.6,889.76,UNSTABLE
Sports_Item_207,Sports,5427.52,838.65,UNSTABLE
Sports_Item_208,Sports,1975.24,2150.58,OK
Sports_Item_209,Sports,17180.94,20372.37,OK
Sports_Item_210,Sports,2447.81,3212.22,OK
Sports_Item_211,Sports,5150.74,3546.12,UNSTABLE
Sports_Item_212,Sports,2711.78,1955.33,UNSTABLE
Sports_Item_213,Sports,4229.0,2665.52,UNSTABLE
Sports_Item_214,Sports,54797.61,58824.75,OK
Sports_Item_215,Sports,846.2,2176.77,OK
Sports_Item_216,Sports,817.12,279.88,UNSTABLE
Sports_Item_217,Sports,50965.78,42289.01,UNSTABLE
Sports_Item_218,Sports,1506.36,752.77,UNSTABLE
Sports_Item_219,Sports,18255.7,16401.58,UNSTABLE
Sports_Item_220,Sports,40221.33,36143.03,UNSTABLE
Sports_Item_221,Sports,96890.37,112446.34,OK
Sports_Item_246,Sports,1057043.68,486548.56,UNSTABLE
Sports_Item_247,Sports,763089.89,1084035.67,OK
Sports_Item_248,Sports,82748.64,5431.39,UNSTABLE
Sports_Item_249,Sports,11561.84,12429.8,OK
Sports_Item_250,Sports,13238.1,6557.44,UNSTABLE
Sports_Item_251,Sports,20038.6,25544.08,OK
Sports_Item_252,Sports,32980.18,24135.04,UNSTABLE
Sports_Item_253,Sports,77240.64,164213.28,OK
Sports_Item_254,Sports,49780.9,48940.44,UNSTABLE
Sports_Item_255,Sports,138311.16,213441.25,OK
Sports_Item_256,Sports,34815.19,5700.88,UNSTABLE
Sports_Item_257,Sports,14616.14,14719.6,OK
Sports_Item_258,Sports,14168.6,15832.46,OK
Sports_Item_259,Sports,45763.47,95515.27,OK
Sports_Item_260,Sports,176039.4,224220.87,OK
Sports_Item_261,Sports,302366.37,225532.7,UNSTABLE
Sports_Item_262,Sports,17255.41,18027.76,OK
Sports_Item_263,Sports,49731.45,40938.98,UNSTABLE
Sports_Item_264,Sports,3372383.34,3015419.29,UNSTABLE
Sports_Item_265,Sports,166863.43,166043.67,UNSTABLE
Sports_Item_266,Sports,839.68,310.91,UNSTABLE
Sports_Item_267,Sports,3109.91,1085.51,UNSTABLE
Sports_Item_269,Sports,4014.08,4132.39,OK
Sports_Item_270,Sports,13021.79,9030.69,UNSTABLE
Sports_Item_271,Sports,10883.13,26302.72,OK
Sports_Item_272,Sports,6805.9,2380.48,UNSTABLE
Sports_Item_273,Sports,20179.06,29129.37,OK
Sports_Item_274,Sports,19332.07,15913.67,UNSTABLE
Sports_Item_275,Sports,33751.34,22149.94,UNSTABLE
Sports_Item_276,Sports,37284.96,42000.0,OK
Sports_Item_277,Sports,53494.93,159659.53,OK
Sports_Item_278,Sports,57552.93,35407.16,UNSTABLE
Sports_Item_279,Sports,147748.36,106906.7,UNSTABLE
Sports_Item_280,Sports,269501.86,195772.59,UNSTABLE
Sports_Item_281,Sports,6213.31,3253.2,UNSTABLE
Sports_Item_282,Sports,29482.38,48777.93,OK
Sports_Item_283,Sports,112645.86,54447.12,UNSTABLE
Sports_Item_284,Sports,233122.81,188430.3,UNSTABLE
Sports_Item_285,Sports,2931.13,3493.33,OK
Sports_Item_286,Sports,4465.87,5492.27,OK
Sports_Item_287,Sports,12046.56,7013.86,UNSTABLE
Sports_Item_288,Sports,2484.16,2822.9,OK
Sports_Item_289,Sports,20780.38,37015.2,OK
Sports_Item_290,Sports,76584.98,71303.85,UNSTABLE
Sports_Item_291,Sports,2419.47,1524.8,UNSTABLE
Sports_Item_292,Sports,6748.42,1291.64,UNSTABLE
Sports_Item_293,Sports,9463.15,5831.24,UNSTABLE
Sports_Item_294,Sports,10664.53,39085.87,OK
Sports_Item_295,Sports,348002.32,103658.9,UNSTABLE
Sports_Item_296,Sports,238924.75,360147.42,OK
Sports_Item_297,Sports,4542.46,3674.23,UNSTABLE
Sports_Item_298,Sports,138529.56,144625.95,OK
Sports_Item_299,Sports,30370.74,40276.13,OK
Sports_Item_300,Sports,23951.15,16693.31,UNSTABLE
Sports_Item_301,Sports,38858.49,38201.22,UNSTABLE
Sports_Item_302,Sports,26708.71,32158.46,OK
Sports_Item_303,Sports,7511.33,22013.93,OK
Sports_Item_304,Sports,32911.81,53433.35,OK
Sports_Item_305,Sports,330670.09,261369.47,UNSTABLE
Sports_Item_306,Sports,37090.36,16360.52,UNSTABLE
Sports_Item_307,Sports,10277.53,3135.81,UNSTABLE
Sports_Item_308,Sports,1446.57,1154.7,UNSTABLE
Sports_Item_309,Sports,406585.38,397180.69,UNSTABLE
Sports_Item_310,Sports,20944.35,25612.5,OK
Sports_Item_311,Sports,6647.39,17091.08,OK
Sports_Item_312,Sports,39543.2,66796.47,OK
Sports_Item_313,Sports,191.88,694.02,OK
Sports_Item_314,Sports,1971.6,2042.47,OK
Sports_Item_315,Sports,10448.39,1337.29,UNSTABLE
Sports_Item_316,Sports,12034.63,5216.16,UNSTABLE
Sports_Item_317,Sports,2223.73,2156.77,UNSTABLE
Sports_Item_318,Sports,23953.28,32618.14,OK
Sports_Item_319,Sports,1997.0,1963.84,UNSTABLE
Sports_Item_320,Sports,56940.4,49644.2,UNSTABLE
Sports_Item_321,Sports,18159.01,30460.69,OK
Sports_Item_322,Sports,10304.45,18473.72,OK
Sports_Item_323,Sports,6543.31,7531.05,OK
Sports_Item_324,Sports,6322.11,6136.64,UNSTABLE
Sports_Item_325,Sports,10913.16,9566.09,UNSTABLE
Sports_Item_326,Sports,15966.89,23217.7,OK
Sports_Item_327,Sports,2274.66,2251.67,UNSTABLE
Sports_Item_328,Sports,1138.47,3075.71,OK
Sports_Item_329,Sports,29221.33,10294.82,UNSTABLE
Sports_Item_330,Sports,1199.46,1095.45,UNSTABLE
Sports_Item_331,Sports,14939.85,20424.37,OK
Sports_Item_332,Sports,57255.62,51620.15,UNSTABLE
Sports_Item_333,Sports,98149.91,166461.21,OK
Sports_Item_334,Sports,1698016.13,1557043.62,UNSTABLE
Sports_Item_335,Sports,23010.2,20824.66,UNSTABLE
Sports_Item_336,Sports,1425.38,1224.74,UNSTABLE
Sports_Item_337,Sports,48639.48,49178.25,OK
Sports_Item_338,Sports,7090.29,10567.24,OK
Sports_Item_339,Sports,57835.7,47300.46,UNSTABLE
Sports_Item_340,Sports,48764.11,78635.23,OK
Sports_Item_341,Sports,56610.34,37367.54,UNSTABLE
Sports_Item_342,Sports,11987.27,9530.65,UNSTABLE
Sports_Item_343,Sports,7498.26,8612.01,OK
Sports_Item_344,Sports,2839.47,2768.87,UNSTABLE
Sports_Item_345,Sports,8199.4,6658.33,UNSTABLE
Sports_Item_346,Sports,4122.19,3937.0,UNSTABLE
Sports_Item_347,Sports,4757.94,4708.15,UNSTABLE
Sports_Item_348,Sports,1216.94,3000.0,OK
Sports_Item_349,Sports,3759.78,5099.02,OK
Sports_Item_350,Sports,1519.84,1000.0,UNSTABLE
Sports_Item_351,Sports,5483.45,6843.49,OK
Sports_Item_352,Sports,36608.47,38098.56,OK
Sports_Item_353,Sports,724288.52,713360.94,UNSTABLE
Sports_Item_354,Sports,23411.92,45110.97,OK
Sports_Item_355,Sports,553400.54,485959.02,UNSTABLE
Sports_Item_356,Sports,7733.8,5139.39,UNSTABLE
Sports_Item_357,Sports,14548.05,9915.14,UNSTABLE
Sports_Item_358,Sports,53923.14,36359.06,UNSTABLE
Sports_Item_359,Sports,1619.76,2458.57,OK
Sports_Item_360,Sports,19277.63,29362.62,OK
Sports_Item_361,Sports,22875.52,14403.18,UNSTABLE
Sports_Item_362,Sports,29071.99,13788.28,UNSTABLE
Sports_Item_363,Sports,192275.29,27303.75,UNSTABLE
Sports_Item_364,Sports,171.38,138.44,UNSTABLE
Sports_Item_365,Sports,35312.33,42178.94,OK
Sports_Item_366,Sports,17339.59,16246.13,UNSTABLE
Sports_Item_367,Sports,324068.49,45614.33,UNSTABLE
Sports_Item_368,Sports,71081.95,68260.53,UNSTABLE
Sports_Item_369,Sports,11122.18,9246.62,UNSTABLE
Sports_Item_370,Sports,4056.65,6892.02,OK
Sports_Item_371,Sports,15959.07,24329.3,OK
Sports_Item_372,Sports,144720.14,264614.25,OK
Sports_Item_373,Sports,5727.89,6119.1,OK
Sports_Item_374,Sports,39783.92,7696.32,UNSTABLE
Sports_Item_375,Sports,1268.11,4214.46,OK
Sports_Item_376,Sports,2670.72,3255.25,OK
Sports_Item_377,Sports,3926.33,4455.89,OK
Sports_Item_378,Sports,249.52,297.21,OK
Sports_Item_379,Sports,3632.2,3857.68,OK
Sports_Item_380,Sports,8817.09,15235.59,OK
Sports_Item_381,Sports,74263.3,67176.38,UNSTABLE
Sports_Item_382,Sports,1050558.33,473031.71,UNSTABLE
Sports_Item_383,Sports,4956.99,4725.82,UNSTABLE
Sports_Item_384,Sports,10387.92,12027.75,OK
Sports_Item_385,Sports,58095.74,44613.15,UNSTABLE
Sports_Item_386,Sports,6284.53,9110.43,OK
Sports_Item_387,Sports,28215.65,38453.44,OK
Sports_Item_388,Sports,29941.44,16083.12,UNSTABLE
Sports_Item_389,Sports,3559.92,3582.36,OK
Sports_Item_390,Sports,3672.9,3979.11,OK
Sports_Item_391,Sports,25971.87,29944.39,OK
Sports_Item_392,Sports,2898.32,4707.62,OK
Sports_Item_393,Sports,1319.18,1427.12,OK
Sports_Item_394,Sports,3220.24,3998.28,OK
Sports_Item_395,Sports,28877.95,21416.41,UNSTABLE
Sports_Item_396,Sports,6925.78,9738.75,OK
Sports_Item_397,Sports,8668.61,8277.1,UNSTABLE
Sports_Item_398,Sports,122618.4,107406.34,UNSTABLE
Sports_Item_399,Sports,512.16,350.59,UNSTABLE
Sports_Item_400,Sports,364.17,703.56,OK
Sports_Item_401,Sports,2749.47,2189.94,UNSTABLE
Sports_Item_402,Sports,2613.88,1927.33,UNSTABLE
Sports_Item_403,Sports,5289.21,12159.53,OK
Sports_Item_404,Sports,379183.58,348633.51,UNSTABLE
Sports_Item_405,Sports,6750.19,5567.76,UNSTABLE
Sports_Item_406,Sports,3671.39,3338.54,UNSTABLE
Sports_Item_407,Sports,13002.14,19068.95,OK
Sports_Item_408,Sports,421.26,803.64,OK
Sports_Item_409,Sports,24180.92,27233.56,OK
Sports_Item_410,Sports,24375.11,16851.66,UNSTABLE
Sports_Item_411,Sports,4886.22,2419.02,UNSTABLE
Sports_Item_412,Sports,12198.72,14059.4,OK
Sports_Item_413,Sports,3077.32,4898.98,OK
Sports_Item_414,Sports,30459.06,15854.39,UNSTABLE
Sports_Item_415,Sports,90515.92,89683.66,UNSTABLE
Sports_Item_416,Sports,9199.06,11295.57,OK
Sports_Item_417,Sports,11740.47,9711.33,UNSTABLE
Sports_Item_418,Sports,2805.04,4020.99,OK
Sports_Item_419,Sports,341.36,1080.89,OK
Sports_Item_420,Sports,14172.89,2510.64,UNSTABLE
Sports_Item_421,Sports,7393.89,8643.4,OK
Sports_Item_422,Sports,73620.74,89499.53,OK
Sports_Item_423,Sports,66555.77,48218.25,UNSTABLE
Sports_Item_424,Sports,6020.29,2798.81,UNSTABLE
Sports_Item_425,Sports,24012.12,22416.51,UNSTABLE
Sports_Item_426,Sports,5403.79,15811.39,OK
Sports_Item_428,Sports,136880.19,209823.74,OK
Sports_Item_429,Sports,7401.66,11825.11,OK
Sports_Item_430,Sports,11040.13,9907.91,UNSTABLE
Sports_Item_431,Sports,341.71,542.95,OK
Sports_Item_432,Sports,702.55,1097.2,OK
Sports_Item_433,Sports,949.46,1232.93,OK
Sports_Item_434,Sports,1981.08,3419.41,OK
Sports_Item_435,Sports,9248.95,9065.13,UNSTABLE
Sports_Item_436,Sports,1576.58,5879.77,OK
Sports_Item_437,Sports,2426.87,2510.15,OK
Sports_Item_438,Sports,1146.92,812.4,UNSTABLE
Sports_Item_439,Sports,687.2,893.5,OK
Sports_Item_440,Sports,1482.29,1551.75,OK
Sports_Item_441,Sports,9089.48,10045.92,OK
Sports_Item_442,Sports,7117.1,5353.35,UNSTABLE
Sports_Item_443,Sports,11084.57,8070.83,UNSTABLE
Sports_Item_444,Sports,4622.25,6231.64,OK
Sports_Item_445,Sports,3369.34,3027.65,UNSTABLE
Sports_Item_446,Sports,1061.75,1602.63,OK
Sports_Item_447,Sports,3824.01,1778.11,UNSTABLE
Sports_Item_448,Sports,1175.38,3841.87,OK
Sports_Item_449,Sports,6878.92,3955.43,UNSTABLE
Sports_Item_450,Sports,46678.94,64596.08,OK
Sports_Item_451,Sports,2139.2,1706.85,UNSTABLE
Sports_Item_452,Sports,1360.59,1399.26,OK
Sports_Item_453,Sports,778.04,1091.63,OK
Sports_Item_454,Sports,6008.83,3245.77,UNSTABLE
Sports_Item_455,Sports,6765.1,8944.06,OK
Sports_Item_456,Sports,64001.9,72476.41,OK
Sports_Item_457,Sports,36036.88,35276.53,UNSTABLE
Sports_Item_458,Sports,23799.6,24610.3,OK
Sports_Item_459,Sports,1776.31,2005.82,OK
Sports_Item_461,Sports,747.46,232.74,UNSTABLE
Sports_Item_462,Sports,4109.56,4563.4,OK
Sports_Item_463,Sports,2399.79,2480.02,OK
Sports_Item_464,Sports,1091.94,1101.32,OK
Sports_Item_465,Sports,2743.61,2080.66,UNSTABLE
Sports_Item_466,Sports,17659.18,30520.43,OK
Sports_Item_467,Sports,906.35,710.34,UNSTABLE
Sports_Item_468,Sports,12.25,5.55,UNSTABLE
Sports_Item_469,Sports,561578.08,53618.64,UNSTABLE
Sports_Item_470,Sports,21841.48,12972.73,UNSTABLE
Sports_Item_471,Sports,304.78,535.41,OK
Sports_Item_472,Sports,247807.18,229415.29,UNSTABLE
Sports_Item_473,Sports,27022.65,33381.63,OK
Sports_Item_474,Sports,10489.17,7038.58,UNSTABLE
Sports_Item_475,Sports,22720.12,18087.75,UNSTABLE
Sports_Item_476,Sports,326212.4,141466.28,UNSTABLE
Sports_Item_477,Sports,1589.57,204.12,UNSTABLE
Sports_Item_479,Sports,22718.62,25433.74,OK
Sports_Item_480,Sports,49972.09,20477.63,UNSTABLE
Sports_Item_481,Sports,980.79,912.87,UNSTABLE
Sports_Item_482,Sports,3.61,4.58,OK
Sports_Item_483,Sports,1727.39,1556.71,UNSTABLE
Sports_Item_484,Sports,2648.0,2151.74,UNSTABLE
Sports_Item_485,Sports,7063.17,5642.1,UNSTABLE
Sports_Item_486,Sports,17617.3,27037.01,OK
Sports_Item_487,Sports,2944.32,3570.71,OK
Sports_Item_488,Sports,2928.54,2023.2,UNSTABLE
Sports_Item_489,Sports,550.31,158.11,UNSTABLE
Sports_Item_490,Sports,4532.15,2581.99,UNSTABLE
Sports_Item_491,Sports,9190.2,39765.96,OK
Sports_Item_492,Sports,1654.69,1437.59,UNSTABLE
Sports_Item_493,Sports,5906.92,408.25,UNSTABLE
Sports_Item_494,Sports,2569.8,3366.5,OK
Sports_Item_495,Sports,3015.84,2309.4,UNSTABLE
Sports_Item_496,Sports,2682.65,2767.9,OK
Sports_Item_497,Sports,6627.1,13171.37,OK
Sports_Item_498,Sports,2613.89,2574.88,UNSTABLE
Sports_Item_499,Sports,46728.85,37040.52,UNSTABLE
Sports_Item_500,Sports,1439.39,1307.35,UNSTABLE
Sports_Item_501,Sports,1700.26,2314.81,OK
Sports_Item_502,Sports,451.47,719.95,OK
Sports_Item_503,Sports,3465.6,5099.02,OK
Sports_Item_504,Sports,4205.03,412.31,UNSTABLE
Sports_Item_505,Sports,25988.33,18129.17,UNSTABLE
Sports_Item_506,Sports,3203.94,816.5,UNSTABLE
Sports_Item_507,Sports,1802.4,1825.74,OK
Sports_Item_508,Sports,5301.87,2950.99,UNSTABLE
Sports_Item_509,Sports,13426.38,2581.99,UNSTABLE
Sports_Item_510,Sports,13431.02,9951.97,UNSTABLE
Sports_Item_511,Sports,4402.26,5488.62,OK
Sports_Item_512,Sports,3404.53,3359.56,UNSTABLE
Sports_Item_513,Sports,8092.11,2439.6,UNSTABLE
Sports_Item_514,Sports,1929.64,1308.94,UNSTABLE
Sports_Item_515,Sports,4114.6,4654.75,OK
Sports_Item_516,Sports,683.09,856.35,OK
Sports_Item_517,Sports,222581.57,399039.47,OK
Sports_Item_518,Sports,8222.42,7532.26,UNSTABLE
Sports_Item_519,Sports,26783.14,18730.55,UNSTABLE
Sports_Item_520,Sports,73.23,102.06,OK
Sports_Item_521,Sports,18.68,19.88,OK
Sports_Item_522,Sports,5916.93,5418.33,UNSTABLE
Sports_Item_523,Sports,4252.45,4539.64,OK
Sports_Item_524,Sports,650.59,580.23,UNSTABLE
Sports_Item_525,Sports,2872.78,2756.51,UNSTABLE
Sports_Item_526,Sports,2872.05,6860.03,OK
Sports_Item_527,Sports,40950.79,45643.55,OK
Sports_Item_528,Sports,16337.01,12247.45,UNSTABLE
Sports_Item_529,Sports,11336.33,11547.01,OK
Sports_Item_530,Sports,9156.7,5773.5,UNSTABLE
Sports_Item_531,Sports,14004.26,10000.0,UNSTABLE
Sports_Item_532,Sports,8656.16,8164.97,UNSTABLE
Sports_Item_533,Sports,9284.95,4082.48,UNSTABLE
Toys_Item_001,Toys,7.24,3.87,UNSTABLE
Toys_Item_002,Toys,1.96,2.2,OK
Toys_Item_003,Toys,1.09,1.53,OK
Toys_Item_004,Toys,5.09,4.55,UNSTABLE
Toys_Item_005,Toys,2.58,1.41,UNSTABLE
Toys_Item_006,Toys,84.09,71.71,UNSTABLE
Toys_Item_007,Toys,13.31,11.28,UNSTABLE
Toys_Item_008,Toys,32.53,37.21,OK
Toys_Item_009,Toys,79.23,39.64,UNSTABLE
Toys_Item_010,Toys,19.42,47.29,OK
Toys_Item_011,Toys,102.5,82.36,UNSTABLE
Toys_Item_012,Toys,49.79,51.99,OK
Toys_Item_013,Toys,52.65,44.58,UNSTABLE
Toys_Item_014,Toys,24.15,34.2,OK
Toys_Item_015,Toys,5.13,27.59,OK
Travel_Accessories_Item_001,Travel_Accessories,78.88,60.55,UNSTABLE
Travel_Accessories_Item_002,Travel_Accessories,137.51,123.3,UNSTABLE
Travel_Accessories_Item_004,Travel_Accessories,896.74,1327.04,OK
Travel_Accessories_Item_005,Travel_Accessories,714.72,204.16,UNSTABLE
Travel_Accessories_Item_006,Travel_Accessories,220.65,18.0,UNSTABLE
Travel_Accessories_Item_007,Travel_Accessories,833.11,1133.96,OK
Travel_Accessories_Item_008,Travel_Accessories,168.97,90.4,UNSTABLE
Travel_Accessories_Item_009,Travel_Accessories,715.02,528.07,UNSTABLE
Travel_Accessories_Item_010,Travel_Accessories,181.91,140.61,UNSTABLE
Travel_Accessories_Item_011,Travel_Accessories,11.71,2.45,UNSTABLE
Travel_Accessories_Item_012,Travel_Accessories,253.97,136.69,UNSTABLE
Travel_Accessories_Item_013,Travel_Accessories,190.78,27.82,UNSTABLE
Travel_Accessories_Item_014,Travel_Accessories,207.56,209.01,OK
Travel_Accessories_Item_015,Travel_Accessories,35.26,35.58,OK
Travel_Accessories_Item_016,Travel_Accessories,458.84,411.27,UNSTABLE
Travel_Accessories_Item_017,Travel_Accessories,338.7,206.79,UNSTABLE
Travel_Accessories_Item_018,Travel_Accessories,163.56,76.92,UNSTABLE
Travel_Accessories_Item_019,Travel_Accessories,42.7,50.62,OK
Travel_Accessories_Item_020,Travel_Accessories,141.21,181.87,OK
Travel_Accessories_Item_021,Travel_Accessories,25.44,27.39,OK
Travel_Accessories_Item_022,Travel_Accessories,226.55,195.91,UNSTABLE
Travel_Accessories_Item_023,Travel_Accessories,2020.33,3964.12,OK
Travel_Accessories_Item_024,Travel_Accessories,159.47,192.25,OK
Travel_Accessories_Item_025,Travel_Accessories,50.68,30.98,UNSTABLE
Travel_Accessories_Item_026,Travel_Accessories,164.58,164.12,UNSTABLE
Travel_Accessories_Item_027,Travel_Accessories,575.15,824.69,OK
Travel_Accessories_Item_028,Travel_Accessories,56.15,50.97,UNSTABLE
Travel_Accessories_Item_029,Travel_Accessories,54.11,69.84,OK
Travel_Accessories_Item_030,Travel_Accessories,102.37,72.08,UNSTABLE
Travel_Accessories_Item_031,Travel_Accessories,77.3,62.55,UNSTABLE
Travel_Accessories_Item_032,Travel_Accessories,118.49,103.66,UNSTABLE
Travel_Accessories_Item_033,Travel_Accessories,277.73,868.94,OK
Travel_Accessories_Item_034,Travel_Accessories,919.54,113.79,UNSTABLE
Travel_Accessories_Item_035,Travel_Accessories,96.49,103.17,OK
Travel_Accessories_Item_036,Travel_Accessories,44.38,74.05,OK
Travel_Accessories_Item_037,Travel_Accessories,93.96,71.54,UNSTABLE
Travel_Accessories_Item_038,Travel_Accessories,67.18,16.61,UNSTABLE
Travel_Accessories_Item_039,Travel_Accessories,96.4,50.85,UNSTABLE
Travel_Accessories_Item_040,Travel_Accessories,40.73,379.28,OK
Travel_Accessories_Item_041,Travel_Accessories,22.88,11.22,UNSTABLE
Travel_Accessories_Item_042,Travel_Accessories,43.93,60.25,OK
Travel_Accessories_Item_043,Travel_Accessories,10.28,7.35,UNSTABLE
Travel_Accessories_Item_044,Travel_Accessories,12.1,13.86,OK
Travel_Accessories_Item_045,Travel_Accessories,31.43,47.07,OK
Travel_Accessories_Item_046,Travel_Accessories,28.35,21.15,UNSTABLE
Travel_Accessories_Item_047,Travel_Accessories,2.34,6.48,OK
Travel_Accessories_Item_048,Travel_Accessories,2.31,2.16,UNSTABLE
Travel_Accessories_Item_049,Travel_Accessories,29078.52,32516.66,OK
