date,forecast_units_sold,lower_ci,upper_ci,product_category
2018-09-09,151.30116992940054,72.96905881957355,229.63328103922754,health_beauty
2018-09-16,160.28635319240257,50.80011028764956,269.7725960971556,health_beauty
2018-09-23,158.9552665346659,26.30708261944892,291.60345044988287,health_beauty
2018-09-30,186.2622087064965,34.61829501289003,337.90612240010296,health_beauty
2018-10-07,168.9342375647385,0.9524559351593211,336.9160191943177,health_beauty
2018-10-14,165.92571141960156,-16.520670742341736,348.37209358154485,health_beauty
2018-10-21,163.91828545698718,-31.590449517475975,359.42702043145033,health_beauty
2018-10-28,185.91181771337455,-21.566035264748052,393.38967069149714,health_beauty
2018-09-09,22.693146058402043,-39.80387770609067,85.19016982289475,toys
2018-09-16,33.38240972374149,-72.03200945298376,138.79682890046672,toys
2018-09-23,35.531341905917806,-105.13146115462601,176.1941449664616,toys
2018-09-30,50.954726983415824,-119.43977912721708,221.3492330940487,toys
2018-10-07,51.91236509646042,-144.29836628482929,248.12309647775015,toys
2018-10-14,53.896770860668,-165.29080524856454,273.08434696990054,toys
2018-10-21,51.89103031869911,-188.14508478071926,291.92714541811745,toys
2018-10-28,57.88891711337532,-201.3453161367164,317.12315036346706,toys
2018-09-09,145.7039764447176,46.859267128638976,244.54868576079622,furniture_decor
2018-09-16,144.2321167606442,3.5509606161502916,284.9132729051381,furniture_decor
2018-09-23,156.93192627962475,-16.378288845976556,330.24214140522605,furniture_decor
2018-09-30,153.34318781128977,-47.85623059666426,354.5426062192438,furniture_decor
2018-10-07,172.8133469339317,-53.24448469760307,398.8711785654665,furniture_decor
2018-10-14,149.2282818856646,-99.52306115643736,397.9796249277665,furniture_decor
2018-10-21,158.5892272869728,-111.19911124336465,428.37756581731026,furniture_decor
2018-10-28,167.8973901565187,-121.59906998320648,457.39385029624384,furniture_decor
2018-09-09,87.01098402629869,40.73045817589475,133.2915098767026,watches_gifts
2018-09-16,86.76373208648528,28.928175361001138,144.59928881196942,watches_gifts
2018-09-23,80.34436354237815,13.753411041545803,146.9353160432105,watches_gifts
2018-09-30,92.8120086087278,18.597680719474894,167.0263364979807,watches_gifts
2018-10-07,93.81289290313934,12.702646902365103,174.92313890391358,watches_gifts
2018-10-14,94.81302095737414,7.350778657184392,182.2752632575639,watches_gifts
2018-10-21,90.81303950084431,-2.5698675457625626,184.19594654745117,watches_gifts
2018-10-28,95.81304218611503,-3.136863480544079,194.76294785277412,watches_gifts
2018-09-02,3.5195309254466434,-1.9962879616499656,9.035349812543252,fashion_shoes
2018-09-09,5.3532556702411425,-0.22855298877079022,10.935064329253075,fashion_shoes
2018-09-16,7.4894557967205095,1.5167995663336074,13.462112027107413,fashion_shoes
2018-09-23,3.3862100661803876,-2.84586029437005,9.618280426730825,fashion_shoes
2018-09-30,4.480479483817927,-2.0271157889120754,10.98807475654793,fashion_shoes
2018-10-07,4.479564178186925,-2.285303031066129,11.244431387439977,fashion_shoes
2018-10-14,4.479813494537936,-2.5347380144968934,11.494365003572765,fashion_shoes
2018-10-21,6.479745584278481,-0.7754167459643115,13.734907914521273,fashion_shoes
2018-09-09,149.94986066400168,77.85247200990997,222.04724931809338,sports_leisure
2018-09-16,164.1713142433525,65.85216310588976,262.49046538081524,sports_leisure
2018-09-23,183.4734451878797,65.73530138563798,301.2115889901214,sports_leisure
2018-09-30,157.37818788236558,23.391661896503678,291.36471386822745,sports_leisure
2018-10-07,186.40133693988597,38.0733379116634,334.72933596810856,sports_leisure
2018-10-14,176.41048337097888,15.060750644025745,337.760216097932,sports_leisure
2018-10-21,146.4140972201243,-26.963697445355166,319.7918918856037,sports_leisure
2018-10-28,169.41552508914918,-15.201507965849089,354.03255814414746,sports_leisure
2018-09-09,114.1539466040035,62.95167891584414,165.35621429216286,housewares
2018-09-16,144.3715453231089,71.74104714360318,217.00204350261464,housewares
2018-09-23,150.18339255218228,61.11063403426937,239.2561510700952,housewares
2018-09-30,113.37638283329196,10.451233609821386,216.30153205676254,housewares
2018-10-07,162.37649497198962,47.25326463030771,277.49972531367155,housewares
2018-10-14,125.37651339462926,-0.7708341003100401,251.52386088956854,housewares
2018-10-21,146.3765164211817,10.093897490604036,282.65913535175935,housewares
2018-10-28,134.37651691839707,-11.33810758387898,280.0911414206731,housewares
2018-09-09,77.403664030917,29.548120322137954,125.25920773969605,telephony
2018-09-16,80.4055360125649,24.584599402751394,136.2264726223784,telephony
2018-09-23,99.14972740282288,34.923328580563094,163.37612622508266,telephony
2018-09-30,79.28735587518923,7.846215647418177,150.7284961029603,telephony
2018-10-07,86.28383233794985,8.262019078925931,164.30564559697376,telephony
2018-10-14,78.2843904837196,-5.800181801820514,162.36896276925972,telephony
2018-10-21,80.28430207066218,-9.45502490073244,170.0236290420568,telephony
2018-10-28,89.28431607572887,-5.77387334143873,184.34250549289646,telephony
2018-09-09,81.15013167489735,36.78481145313642,125.51545189665828,auto
2018-09-16,77.40829234416108,22.911770382512735,131.90481430580942,auto
2018-09-23,85.62556308594782,21.216144235410553,150.03498193648508,auto
2018-09-30,80.51901602717784,7.795626433648351,153.24240562070733,auto
2018-10-07,87.52526892993414,7.294973696383693,167.7555641634846,auto
2018-10-14,86.52394909409702,-0.5587645519179887,173.60666274011203,auto
2018-10-21,82.5242276793725,-10.911625293740542,175.96008065248554,auto
2018-10-28,91.52416887678999,-7.859139841066252,190.90747759464622,auto
2018-09-09,114.64038951762224,12.796517211600602,216.48426182364386,computers_accessories
2018-09-16,119.16942751936824,-25.304311329612972,263.64316636834945,computers_accessories
2018-09-23,120.6307190385939,-56.50347055920264,297.76490863639043,computers_accessories
2018-09-30,162.16917410597057,-42.47800869553899,366.8163569074801,computers_accessories
2018-10-07,158.1691739363968,-70.70725571319952,387.0456035859931,computers_accessories
2018-10-14,129.16917393195314,-121.60636460879113,379.9447124726974,computers_accessories
2018-10-21,140.1691739318367,-130.7409982899621,411.07934615363547,computers_accessories
2018-10-28,141.16917393183365,-148.4793580791723,430.8177059428396,computers_accessories
2018-09-09,37.656336680523886,11.05100343634,64.26166992470777,office_furniture
2018-09-16,59.96164396176682,23.16070193733521,96.76258598619842,office_furniture
2018-09-23,36.06648566179911,-8.05677845927223,80.18974978287045,office_furniture
2018-09-30,61.42943868684559,11.509839542549877,111.34903783114132,office_furniture
2018-10-07,40.201677066250014,-14.52702431059138,94.9303784430914,office_furniture
2018-10-14,36.9961744358271,-21.83864651191795,95.83099538357214,office_furniture
2018-10-21,42.810755439420674,-19.60029347681025,105.2218043556516,office_furniture
2018-10-28,38.64345731697029,-26.92909806711021,104.2160127010508,office_furniture
2018-09-09,14.42619453464001,-8.753778792404963,37.60616786168498,consoles_games
2018-09-16,9.425400917627186,-15.412452495989431,34.2632543312438,consoles_games
2018-09-23,14.46138971507818,-12.261345087688781,41.18412451784514,consoles_games
2018-09-30,11.423090501689813,-17.038857930861735,39.885038934241365,consoles_games
2018-10-07,16.42307984572978,-13.67907135247913,46.52523104393869,consoles_games
2018-10-14,13.423080545248851,-18.234324828148917,45.080485918646616,consoles_games
2018-10-21,9.423080499328359,-23.716676046046025,42.56283704470274,consoles_games
2018-10-28,10.423080502342847,-24.135501506074434,44.98166251076013,consoles_games
2018-09-09,221.95288093227546,93.0753764203981,350.83038544415285,bed_bath_table
2018-09-16,173.35717871100292,16.721134206505127,329.99322321550073,bed_bath_table
2018-09-23,211.9266174237497,39.05505300358229,384.79818184391706,bed_bath_table
2018-09-30,193.34671147891308,8.013559139104956,378.6798638187212,bed_bath_table
2018-10-07,197.34552266704074,1.1786845445563756,393.51236078952513,bed_bath_table
2018-10-14,217.34504887010814,11.223219937485396,423.4668778027309,bed_bath_table
2018-10-21,191.34486003995042,-24.15555728942374,406.84527736932455,bed_bath_table
2018-10-28,215.34478478233262,-9.098060891356027,439.78763045602125,bed_bath_table
2018-09-09,51.74811653680846,-6.043904285413618,109.54013735903054,cool_stuff
2018-09-16,69.1188036845911,-76.00073310801035,214.23834047719254,cool_stuff
2018-09-23,93.21348728611906,-214.3650104230548,400.7919849952929,cool_stuff
2018-09-30,128.8008512732554,-479.05939246380046,736.6610950103112,cool_stuff
2018-10-07,185.1223888948797,-975.1253162074439,1345.3700939972032,cool_stuff
2018-10-14,241.70216576574805,-1932.5313406967541,2415.93567222825,cool_stuff
2018-10-21,393.91395951348994,-3640.029917849107,4427.857836876086,cool_stuff
2018-10-28,639.6029572997745,-6804.0313138787915,8083.23722847834,cool_stuff
2018-09-02,7.3794225495094015,1.6305278579200477,13.128317241098756,air_conditioning
2018-09-09,8.290515836346664,-0.13533379855977756,16.716365471253106,air_conditioning
2018-09-16,5.227003746890789,-5.136178250165823,15.590185743947401,air_conditioning
2018-09-23,7.309470329220649,-4.701719457173339,19.320660115614636,air_conditioning
2018-09-30,5.221162835104261,-8.232308052319409,18.67463372252793,air_conditioning
2018-10-07,4.220361141412358,-10.536603960326744,18.97732624315146,air_conditioning
2018-10-14,3.220608186910507,-12.733272448527218,19.17448882234823,air_conditioning
2018-10-21,4.220532058734905,-12.846654699915371,21.287718817385183,air_conditioning
2018-09-09,70.21481864695609,40.991431013366594,99.43820628054559,baby
2018-09-16,63.06820767025533,29.150866556602274,96.9855487839084,baby
2018-09-23,74.72819972624364,38.28946156694051,111.16693788554679,baby
2018-09-30,69.26126163686727,30.880385651410926,107.64213762232362,baby
2018-10-07,70.19710257476315,30.088790682049293,110.30541446747701,baby
2018-10-14,65.1762819736491,23.44885447165764,106.90370947564055,baby
2018-10-21,65.16952536879026,21.89497508406472,108.4440756535158,baby
2018-10-28,61.16733274673443,16.40268431654185,105.93198117692701,baby
2018-09-09,46.50625200717218,-42.19144220915925,135.2039462235036,garden_tools
2018-09-16,44.22413666579964,-50.71972380625956,139.16799713785883,garden_tools
2018-09-23,63.93816864051279,-39.8727555270088,167.7490928080344,garden_tools
2018-09-30,52.30818847534597,-59.22540585158771,163.84178280227965,garden_tools
2018-10-07,50.31034798650669,-68.50586835082436,169.12656432383775,garden_tools
2018-10-14,46.31002847209834,-79.35895004494601,171.9790069891427,garden_tools
2018-10-21,45.31007574643476,-86.85803436575361,177.47818585862314,garden_tools
2018-10-28,52.310068751874184,-86.05206265435024,190.6722001580986,garden_tools
2018-09-09,47.830928625752804,9.92144663051991,85.7404106209857,perfumery
2018-09-16,34.54995463191058,-20.470302841204884,89.57021210502604,perfumery
2018-09-23,48.60821105169309,-20.22088831555368,117.43731041893986,perfumery
2018-09-30,44.38248923899329,-36.49308852637657,125.25806700436314,perfumery
2018-10-07,55.32844462440939,-36.410200376161704,147.0670896249805,perfumery
2018-10-14,56.28780749617842,-45.4271691417415,158.00278413409833,perfumery
2018-10-21,50.25725170068288,-60.72764767431712,161.24215107568287,perfumery
2018-10-28,61.23427624254867,-58.436309783916094,180.90486226901342,perfumery
2018-09-02,0.4434372165600373,-5.850464803805606,6.737339236925681,market_place
2018-09-09,5.898176180778844,-1.0495250657879165,12.845877427345604,market_place
2018-09-16,8.475522178713886,1.370653724608446,15.580390632819327,market_place
2018-09-23,6.787609107287871,-0.3659920619900161,13.941210276565759,market_place
2018-09-30,4.856304795776651,-2.3165168873288344,12.029126478882137,market_place
2018-10-07,10.9051746133017,3.7227632287302264,18.087585997873173,market_place
2018-10-14,2.9260966822491654,-4.262326149927974,10.114519514426304,market_place
2018-10-21,7.935053805299976,0.742052427277347,15.128055183322605,market_place
2018-08-26,2.123135037437338,-1.243232426633757,5.489502501508433,fashion_male_clothing
2018-09-02,-1.3610337106900818,-4.758996206899254,2.0369287855190903,fashion_male_clothing
2018-09-09,1.6686832328308703,-1.7316189044835508,5.068985370145292,fashion_male_clothing
2018-09-16,0.4494687407635385,-2.951625288452411,3.8505627699794878,fashion_male_clothing
2018-09-23,-1.328004616720199,-4.729748168704034,2.073738935263635,fashion_male_clothing
2018-09-30,1.449803972237656,-1.952574736422633,4.852182680897945,fashion_male_clothing
2018-10-07,3.4498070907183758,0.046794783499602755,6.852819397937148,fashion_male_clothing
2018-10-14,0.4498074063480262,-2.953838235678221,3.8534530483742735,fashion_male_clothing
2018-09-02,12.651427250939665,6.4458394046436185,18.857015097235713,industry_commerce_and_business
2018-09-09,18.84832230631966,11.120184909826401,26.57645970281292,industry_commerce_and_business
2018-09-16,10.597716937178184,0.48413820865720325,20.711295665699165,industry_commerce_and_business
2018-09-23,21.330188790480243,10.37068760608149,32.289689974878996,industry_commerce_and_business
2018-09-30,8.8203979318013,-4.173833739708986,21.814629603311587,industry_commerce_and_business
2018-10-07,21.643685420146745,8.141558211824796,35.1458126284687,industry_commerce_and_business
2018-10-14,7.263708338501511,-8.24960494730891,22.77702162431193,industry_commerce_and_business
2018-10-21,25.71012430218613,9.93412406899534,41.48612453537692,industry_commerce_and_business
2018-09-02,2.624929688120253,0.3175156942865933,4.932343681953913,fashion_female_clothing
2018-09-09,1.452955970364462,-0.8618484124551236,3.7677603531840473,fashion_female_clothing
2018-09-16,0.6714336349094321,-1.7294961842220862,3.0723634540409503,fashion_female_clothing
2018-09-23,1.4818007841329148,-0.9792912767467921,3.9428928450126217,fashion_female_clothing
2018-09-30,0.6652848119037936,-1.859026429247697,3.1895960530552845,fashion_female_clothing
2018-10-07,4.6649297050204535,2.079892297026491,7.249967113014415,fashion_female_clothing
2018-10-14,0.6650054028353635,-1.979560966431595,3.309571772102322,fashion_female_clothing
2018-10-21,0.6649892664002484,-2.037754145975528,3.367732678776025,fashion_female_clothing
2018-09-02,34.14443292498896,2.818216675160688,65.47064917481724,electronics
2018-09-09,41.05362442528582,-4.152129909671714,86.25937876024335,electronics
2018-09-16,51.14250565707721,-4.235308956289401,106.52032027044382,electronics
2018-09-23,39.07628348422695,-25.020869435821567,103.17343640427546,electronics
2018-09-30,53.13166958062466,-18.570991252644816,124.83433041389414,electronics
2018-10-07,52.12692008747086,-26.475606784595335,130.72944695953706,electronics
2018-10-14,45.129191402932776,-39.802575316749255,130.0609581226148,electronics
2018-10-21,52.12810520830937,-38.6982515504154,142.95446196703415,electronics
2018-09-02,41.32037732673898,26.096592502015156,56.5441621514628,pet_shop
2018-09-09,45.793918472030384,25.63920929876454,65.94862764529623,pet_shop
2018-09-16,47.94739154400114,23.459136651287704,72.43564643671458,pet_shop
2018-09-23,52.686499301072026,24.643460335456496,80.72953826668756,pet_shop
2018-09-30,45.984754457749,14.752158764583822,77.21735015091417,pet_shop
2018-10-07,46.99168541921934,12.87823492058184,81.10513591785684,pet_shop
2018-10-14,37.989274667830216,1.2161635760193334,74.76238575964109,pet_shop
2018-10-21,50.990113183855016,11.73838863635116,90.24183773135887,pet_shop
2018-09-09,18.442738605232403,-12.497270341599169,49.382747552063975,fashion_bags_accessories
2018-09-16,28.26791074852963,-8.622379190630397,65.15820068768966,fashion_bags_accessories
2018-09-23,37.89224539122546,-1.6734668453664412,77.45795762781736,fashion_bags_accessories
2018-09-30,31.64040983631192,-9.48378956089125,72.76460923351509,fashion_bags_accessories
2018-10-07,47.08035059546986,4.858180834114513,89.3025203568252,fashion_bags_accessories
2018-10-14,42.31492919035282,-0.7916273781341374,85.42148575883978,fashion_bags_accessories
2018-10-21,37.44000766065094,-6.442906103092568,81.32292142439445,fashion_bags_accessories
2018-10-28,42.50670012140134,-2.0937038210292442,87.10710406383191,fashion_bags_accessories
2018-09-09,8.342415091160664,0.6167138165429087,16.06811636577842,audio
2018-09-16,10.500498502459088,2.1441750128119725,18.856821992106205,audio
2018-09-23,8.758951788139814,0.1823135100492017,17.335590066230427,audio
2018-09-30,8.339530295284664,-0.38245168647945427,17.061512277048784,audio
2018-10-07,11.32992784588799,2.481555651692524,20.178300040083457,audio
2018-10-14,8.327278683454189,-0.6413685097190456,17.29592587662742,audio
2018-10-21,7.326547821846824,-1.7596152896896102,16.41271093338326,audio
2018-10-28,7.326346188801488,-1.8755152280122767,16.528207605615254,audio
2018-09-02,-0.61874322824404,-4.078983271040286,2.8414968145522064,diapers_and_hygiene
2018-09-09,-0.6179084018114926,-4.164161901512261,2.9283450978892764,diapers_and_hygiene
2018-09-16,1.0184947872780372,-2.586681258572341,4.623670833128416,diapers_and_hygiene
2018-09-23,-0.6178669751414303,-4.279955005172548,3.044221054889687,diapers_and_hygiene
2018-09-30,1.0184967500066493,-2.6995828713001284,4.7365763713134275,diapers_and_hygiene
2018-10-07,1.0184967542131127,-2.7547413793561915,4.791734887782416,diapers_and_hygiene
2018-10-14,1.0184967544124082,-2.809104992309413,4.846098501134229,diapers_and_hygiene
2018-10-21,1.0184967544218504,-2.8627072096744115,4.899700718518113,diapers_and_hygiene
2018-09-09,7.491778636843538,-3.1442716084858944,18.12782888217297,food
2018-09-16,8.587693096326262,-4.079147304641934,21.25453349729446,food
2018-09-23,8.377102710672817,-5.711057387418149,22.465262808763782,food
2018-09-30,9.565942764577077,-5.759040193187319,24.89092572234147,food
2018-10-07,13.565285065196052,-2.8945263766848885,30.025096507076995,food
2018-10-14,8.565160320794972,-8.954466032369693,26.084786673959634,food
2018-10-21,7.565136660797639,-10.95345280617094,26.083726127766216,food
2018-10-28,8.565132173257766,-10.901169616199585,28.031433962715116,food
2018-09-09,39.63206191075979,8.759990879832628,70.50413294168695,stationery
2018-09-16,25.271841285999688,-24.94406593077157,75.48774850277094,stationery
2018-09-23,24.041906686153826,-45.497223667263555,93.5810370395712,stationery
2018-09-30,18.89822493469753,-70.62320838801605,108.4196582574111,stationery
2018-10-07,11.838492717546458,-98.45739884243643,122.13438427752935,stationery
2018-10-14,8.860468228796815,-123.00127032838999,140.72220678598362,stationery
2018-10-21,4.961969528198048,-149.21466638939071,159.1386054457868,stationery
2018-10-28,4.140872942487927,-173.04456118724372,181.32630707221958,stationery
2018-09-02,3.261596867773299,1.2336292072733355,5.289564528273262,furniture_bedroom
2018-09-09,3.3507315502114765,1.161969697983142,5.5394934024398115,furniture_bedroom
2018-09-16,3.3811026769039443,1.1572825889170004,5.604922764890889,furniture_bedroom
2018-09-23,6.391451121654501,4.156083233329648,8.626819009979354,furniture_bedroom
2018-09-30,2.3949771781567732,0.15401333379392845,4.635941022519618,furniture_bedroom
2018-10-07,2.3961786219250802,0.15141354809543195,4.6409436957547285,furniture_bedroom
2018-10-14,2.396587993450316,0.14860804314280562,4.644567943757826,furniture_bedroom
2018-10-21,2.3967274798333618,0.14573156548642796,4.647723394180296,furniture_bedroom
2018-08-26,0.9779116931761741,-0.652409391315414,2.6082327776677623,music
2018-09-02,0.2997585942699371,-2.121617568629364,2.721134757169238,music
2018-09-09,-0.03954795043928608,-3.1010744814207456,3.0219785805421733,music
2018-09-16,-0.0426541589988206,-3.654687121941141,3.5693788039435,music
2018-09-23,-0.04426945954791382,-4.143947397676211,4.055408478580384,music
2018-09-30,-0.045109453326146125,-4.585312409548692,4.495093502896399,music
2018-10-07,0.9544537304120968,-3.9895627778513463,5.89847023867554,music
2018-10-14,-0.045773424182949274,-5.364189275878303,5.272642427512405,music
2018-09-02,15.862877576113512,5.94678454677228,25.778970605454745,small_appliances
2018-09-09,9.829484336171433,-4.63902811921265,24.297996791555516,small_appliances
2018-09-16,12.821352125244625,-5.166175898803148,30.8088801492924,small_appliances
2018-09-23,11.8193716988268,-9.122255104273275,32.76099850192688,small_appliances
2018-09-30,13.818889408237965,-9.712885513450626,37.35066432992656,small_appliances
2018-10-07,10.818771956657848,-15.045951934856852,36.68349584817255,small_appliances
2018-10-14,12.818743353832101,-15.185450167885872,40.82293687555007,small_appliances
2018-10-21,9.818736388224316,-20.172738139889844,39.81021091633848,small_appliances
2018-09-02,45.85240319482419,34.7385792894751,56.966227100173285,home_appliances
2018-09-09,29.177352893075824,16.52890251709736,41.82580326905429,home_appliances
2018-09-16,30.957696371953652,15.538977634506372,46.37641510940093,home_appliances
2018-09-23,25.53038798551981,8.472586298188322,42.5881896728513,home_appliances
2018-09-30,32.76437784006344,13.86849125128057,51.660264428846304,home_appliances
2018-10-07,30.636247305377978,10.241895518003112,51.030599092752844,home_appliances
2018-10-14,33.70641032142328,11.827158509732403,55.585662133114155,home_appliances
2018-10-21,35.66798974640064,12.444633030950541,58.891346461850745,home_appliances
2018-08-19,1.058769351421172,-2.8724223616912585,4.9899610645336026,fashion_underwear_beach
2018-08-26,-0.243850403727355,-4.857938009294515,4.370237201839806,fashion_underwear_beach
2018-09-02,2.105534219299565,-2.776763511372366,6.987831949971497,fashion_underwear_beach
2018-09-09,1.7805894852781448,-3.2333938504490716,6.794572821005361,fashion_underwear_beach
2018-09-16,2.7849734693541373,-2.306476397538248,7.876423336246523,fashion_underwear_beach
2018-09-23,0.7872645927781949,-4.357554444243893,5.932083629800283,fashion_underwear_beach
2018-09-30,-0.2115380382411535,-5.398205858392844,4.975129781910537,fashion_underwear_beach
2018-10-07,-0.21091227864183518,-5.433648943660863,5.011824386377192,fashion_underwear_beach
2018-09-02,4.551307986806384,1.9121457144044238,7.190470259208343,agro_industry_and_commerce
2018-09-09,5.085289569364183,1.5797404463665132,8.590838692361853,agro_industry_and_commerce
2018-09-16,5.107795772145659,1.028084846765407,9.187506697525912,agro_industry_and_commerce
2018-09-23,5.122701763141793,0.6049830998630066,9.64042042642058,agro_industry_and_commerce
2018-09-30,4.132574088994987,-0.7467669128927898,9.011915090882765,agro_industry_and_commerce
2018-10-07,4.139112588701376,-1.054415580435812,9.332640757838565,agro_industry_and_commerce
2018-10-14,4.1434430756652585,-1.3326227925435425,9.61950894387406,agro_industry_and_commerce
2018-10-21,4.146311182751969,-1.58991630018717,9.882538665691108,agro_industry_and_commerce
2018-09-02,15.113595260761779,6.235969904496397,23.99122061702716,home_comfort
2018-09-09,4.301537941551283,-4.855053259532685,13.45812914263525,home_comfort
2018-09-16,8.30007719813422,-1.0912210594078164,17.69137545567626,home_comfort
2018-09-23,11.300042814255614,1.6805604834679944,20.91952514504323,home_comfort
2018-09-30,6.300042004906692,-3.542317283368795,16.14240129318218,home_comfort
2018-10-07,8.300041985855739,-1.7602574084106433,18.360341380122122,home_comfort
2018-10-14,2.300041985407307,-7.973575257067162,12.573659227881777,home_comfort
2018-10-21,4.300041985396751,-6.182553045546156,14.782637016339658,home_comfort
2018-09-09,13.872652630784852,8.848549926289202,18.896755335280503,luggage_accessories
2018-09-16,23.89982154565745,17.147395521327695,30.652247569987203,luggage_accessories
2018-09-23,21.894025195564133,13.711872117889925,30.07617827323834,luggage_accessories
2018-09-30,22.895261817437397,13.50990507525065,32.280618559624145,luggage_accessories
2018-10-07,16.894997990437158,6.441864099321455,27.34813188155286,luggage_accessories
2018-10-14,16.895054276588613,5.473963222177602,28.316145330999625,luggage_accessories
2018-10-21,11.895042268223879,-0.4182318168643011,24.208316353312057,luggage_accessories
2018-10-28,16.895044830147548,3.750020232815155,30.040069427479942,luggage_accessories
2018-09-09,3.2082113981526517,-3.380248199782584,9.796670996087887,kitchen_dining_laundry_garden_furniture
2018-09-16,7.097616286515478,0.10050673305946578,14.094725839971492,kitchen_dining_laundry_garden_furniture
2018-09-23,6.107739745652223,-1.4080422260669359,13.623521717371382,kitchen_dining_laundry_garden_furniture
2018-09-30,4.1068130824084665,-3.8819970410929017,12.095623205909835,kitchen_dining_laundry_garden_furniture
2018-10-07,4.106897905664603,-4.329498699482851,12.543294510812057,kitchen_dining_laundry_garden_furniture
2018-10-14,3.1068901412638565,-5.754423361227947,11.968203643755661,kitchen_dining_laundry_garden_furniture
2018-10-21,4.1068908519877985,-5.159883871548886,13.373665575524484,kitchen_dining_laundry_garden_furniture
2018-10-28,4.106890786930811,-5.548332517648535,13.762114091510156,kitchen_dining_laundry_garden_furniture
2018-09-02,12.425666291223305,7.464487166060199,17.38684541638641,security_and_services
2018-09-09,13.387680493233685,7.443327826259861,19.33203316020751,security_and_services
2018-09-16,7.501097271896533,-0.34532797321354725,15.347522517006613,security_and_services
2018-09-23,13.852648050980815,5.416553315259939,22.28874278670169,security_and_services
2018-09-30,8.991887179035437,-0.9784119716928839,18.96218632976376,security_and_services
2018-10-07,14.410310439143867,4.0302633048573355,24.7903575734304,security_and_services
2018-10-14,6.381162168805622,-5.38703944697693,18.149363784588175,security_and_services
2018-10-21,14.079147079443077,2.019645680750873,26.13864847813528,security_and_services
2018-09-02,22.531129764151565,13.775897516246996,31.286362012056134,musical_instruments
2018-09-09,11.569131512363583,1.9211697259177836,21.21709329880938,musical_instruments
2018-09-16,13.520875974951645,2.726457555269352,24.315294394633938,musical_instruments
2018-09-23,14.528961331743302,2.75207211885758,26.305850544629024,musical_instruments
2018-09-30,13.527606606504404,0.8358941299000673,26.219319083108743,musical_instruments
2018-10-07,14.527833594690602,0.9842388315101704,28.071428357871035,musical_instruments
2018-10-14,12.527795562154413,-1.8173856451135944,26.872976769422422,musical_instruments
2018-10-21,17.527801934617372,2.423547407092139,32.63205646214261,musical_instruments
2018-09-09,34.55800236768161,22.389794150793144,46.726210584570076,books
2018-09-16,30.544964964409473,15.730666735315685,45.35926319350326,books
2018-09-23,30.86944709565008,12.42088736189487,49.31800682940529,books
2018-09-30,32.331799359581986,11.692884499134085,52.97071422002989,books
2018-10-07,35.015346419032014,11.883864638015865,58.14682820004816,books
2018-10-14,32.23193985091249,7.176304900090162,57.28757480173482,books
2018-10-21,32.083694381452695,5.0360990427091075,59.13128972019628,books
2018-10-28,31.185159689170256,2.4150868410110604,59.95523253732945,books
2018-09-02,15.974146597938809,2.6312668016964196,29.317026394181198,furniture_living_room
2018-09-09,12.273817324541099,-1.5624762907962353,26.11011093987843,furniture_living_room
2018-09-16,13.553866219394765,-3.333714767840762,30.441447206630293,furniture_living_room
2018-09-23,15.37971057786378,-2.521565192611831,33.28098634833939,furniture_living_room
2018-09-30,13.488013763608956,-6.229836556352813,33.205864083570724,furniture_living_room
2018-10-07,17.420662629075263,-3.4429382720310855,38.28426353018161,furniture_living_room
2018-10-14,10.462546672390928,-11.783261167428805,32.70835451221066,furniture_living_room
2018-10-21,11.4364999978009,-11.932949335210617,34.80594933081242,furniture_living_room
2018-09-02,12.800814341212469,7.152184739395602,18.449443943029337,computers
2018-09-09,-14.165138744674621,-20.093501550148982,-8.23677593920026,computers
2018-09-16,42.86637603618492,27.27496159951911,58.457790472850725,computers
2018-09-23,-81.20287552005081,-107.26718728544178,-55.13856375465984,computers
2018-09-30,188.7036707267383,127.00279621835736,250.40454523511923,computers
2018-10-07,-398.46472751132364,-525.6160775486427,-271.3133774740046,computers
2018-10-14,878.8912043237412,596.3195138675528,1161.4628947799297,computers
2018-10-21,-1899.9337145416887,-2508.055236209595,-1291.8121928737824,computers
2018-09-02,0.4182014388121822,-2.0060352044989465,2.8424380821233104,cds_dvds_musicals
2018-09-09,1.57720286424503,-0.8794252712883113,4.033830999778371,cds_dvds_musicals
2018-09-16,2.5612201380596034,0.03198184500854051,5.090458431110666,cds_dvds_musicals
2018-09-23,1.5628267119354222,-1.0323273235861332,4.157980747456977,cds_dvds_musicals
2018-09-30,1.5626652201105282,-1.0972223643389494,4.222552804560006,cds_dvds_musicals
2018-10-07,1.5626814531701467,-1.1603569030391587,4.285719809379453,cds_dvds_musicals
2018-10-14,1.5626798214329072,-1.2220819447001903,4.347441587566005,cds_dvds_musicals
2018-10-21,0.5626799854541376,-2.282466031447024,3.407826002355299,cds_dvds_musicals
2018-09-09,17.21091308297775,6.728486248157134,27.69333991779837,construction_tools_construction
2018-09-16,17.438846836521286,4.633129565220967,30.244564107821603,construction_tools_construction
2018-09-23,17.481751481566462,2.9979895123559146,31.96551345077701,construction_tools_construction
2018-09-30,18.489827549888222,2.5497778268274516,34.42987727294899,construction_tools_construction
2018-10-07,20.49134773213117,3.2253746706002886,37.75732079366205,construction_tools_construction
2018-10-14,21.491633880534046,2.995948208130674,39.98731955293742,construction_tools_construction
2018-10-21,17.491687743094833,-2.1566493849751254,37.14002487116479,construction_tools_construction
2018-10-28,18.491697881804065,-2.2452756406882415,39.22867140429637,construction_tools_construction
2018-06-17,-5.5,-5.90007597135291,-5.09992402864709,tablets_printing_image
2018-06-24,-1.0,-1.5657928670380858,-0.43420713296191404,tablets_printing_image
2018-07-01,2.220446049250313e-16,-0.692951911206796,0.6929519112067964,tablets_printing_image
2018-07-08,0.0,-0.8001519460592184,0.8001519460592184,tablets_printing_image
2018-07-15,3.0000000000000013,2.1054029288912655,3.894597071108737,tablets_printing_image
2018-07-22,1.0,0.020018007729973086,1.979981992270027,tablets_printing_image
2018-07-29,-2.220446049250313e-16,-1.0585015295347977,1.0585015295347973,tablets_printing_image
2018-08-05,1.0000000000000002,-0.13158573407617147,2.1315857340761717,tablets_printing_image
2018-09-09,7.6459681563549635,2.9641641703783206,12.327772142331607,construction_tools_garden
2018-09-16,3.457555822279248,-1.6606485158204403,8.575760160378936,construction_tools_garden
2018-09-23,6.431338412547955,1.03686366622079,11.825813158875121,construction_tools_garden
2018-09-30,3.4276902831598752,-2.2145339999448153,9.069914566264565,construction_tools_garden
2018-10-07,3.4271826491804473,-2.4503833210229082,9.304748619383803,construction_tools_garden
2018-10-14,3.4271120123609555,-2.676464088841699,9.53068811356361,construction_tools_garden
2018-10-21,4.427102183309965,-1.8943732595530607,10.748577626172992,construction_tools_garden
2018-10-28,7.427100815606208,0.8949954994013618,13.959206131811055,construction_tools_garden
2018-09-02,19.45843650553599,10.438054770470305,28.478818240601672,home_construction
2018-09-09,19.959667020382245,7.9737657491624105,31.94556829160208,home_construction
2018-09-16,22.959630590173322,8.590062101222445,37.3291990791242,home_construction
2018-09-23,19.959631668713843,3.5495280653928525,36.36973527203483,home_construction
2018-09-30,23.959631636782934,5.736048953750544,42.18321431981532,home_construction
2018-10-07,18.95963163772827,-0.9126208165650951,38.83188409202163,home_construction
2018-10-14,19.95963163770028,-1.4346168841701825,41.35388015957074,home_construction
2018-10-21,18.959631637701108,-3.8553047420460125,41.77456801744823,home_construction
2018-09-02,0.7231358488922779,-1.1845115610013999,2.6307832587859554,cine_photo
2018-09-09,0.9214550511112471,-1.0994505335488132,2.9423606357713075,cine_photo
2018-09-16,0.975843871730521,-1.0653569018232774,3.017044645284319,cine_photo
2018-09-23,1.9907599452889926,-0.05573665416146012,4.037256544739446,cine_photo
2018-09-30,0.9948506618713429,-1.0535702779900988,3.0432716017327843,cine_photo
2018-10-07,0.9959725363439724,-1.0535032647452018,3.0454483374331467,cine_photo
2018-10-14,0.9962802091702367,-1.0540160177657754,3.046576436106249,cine_photo
2018-10-21,0.996364588100617,-1.0546879138375242,3.047417090038758,cine_photo
2018-09-02,6.419289291636151,2.0395141142462307,10.79906446902607,construction_tools_safety
2018-09-09,5.480350188538227,0.9577604592226088,10.002939917853846,construction_tools_safety
2018-09-16,6.101510824773848,0.5152605818873557,11.68776106766034,construction_tools_safety
2018-09-23,5.690578385454191,-0.19583990605262347,11.576996676961006,construction_tools_safety
2018-09-30,5.962433135794727,-0.5548607805074024,12.479727052096857,construction_tools_safety
2018-10-07,5.782586041208879,-1.087873080754564,12.653045163172322,construction_tools_safety
2018-10-14,5.9015649348660775,-1.4396423273057737,13.24277219703793,construction_tools_safety
2018-10-21,5.8228537543018914,-1.8743810400188528,13.520088548622635,construction_tools_safety
2018-09-09,14.823334894929022,0.9014874257474883,28.745182364110555,drinks
2018-09-16,16.774498485775556,1.8770993334010644,31.67189763815005,drinks
2018-09-23,15.48969912965022,-1.364895508812623,32.34429376811306,drinks
2018-09-30,16.574974337858322,-1.718072940337116,34.86802161605376,drinks
2018-10-07,15.549441059855631,-4.1619217625432725,35.260803882254535,drinks
2018-10-14,15.557086286402269,-5.453091333592232,36.56726390639677,drinks
2018-10-21,15.554797136965865,-6.685244741747214,37.794839015678946,drinks
2018-10-28,16.55548255879218,-6.847953050529693,39.95891816811405,drinks
2018-09-09,10.88009102113137,6.573690589498747,15.186491452763995,art
2018-09-16,10.59319534295652,5.736218920936628,15.45017176497641,art
2018-09-23,9.55436861456281,4.314099186346655,14.794638042778963,art
2018-09-30,11.54911403963387,5.9648896443625725,17.13333843490517,art
2018-10-07,9.5484029171977,3.6418797162499548,15.454926118145446,art
2018-10-14,8.548306678181973,2.336397904405028,14.760215451958917,art
2018-10-21,8.548293653774815,2.0453523960944935,15.051234911455136,art
2018-10-28,10.548291891130212,3.7668001172565457,17.32978366500388,art
2018-08-26,-0.608167552458829,-3.329956199090099,2.1136210941724416,fashion_sport
2018-09-02,1.7166740096168744,-0.9997687750906985,4.433116794324447,fashion_sport
2018-09-09,-0.29896464713814164,-3.036984246671139,2.439054952394856,fashion_sport
2018-09-16,0.7043031572518018,-2.0383830717775755,3.446989386281179,fashion_sport
2018-09-23,0.7036203271533978,-2.0467376462437716,3.453978300550567,fashion_sport
2018-09-30,1.7037630091770595,-1.053596549715743,4.461122568069862,fashion_sport
2018-10-07,0.7037331947914252,-2.0607445361756804,3.4682109257585303,fashion_sport
2018-10-14,-0.29626057528858984,-3.06781016184845,2.47528901127127,fashion_sport
2018-04-29,0.0,-2771.808341651181,2771.808341651181,la_cuisine
2018-05-06,0.0,-3919.928949061978,3919.928949061978,la_cuisine
2018-05-13,0.0,-4800.912876583078,4800.912876583078,la_cuisine
2018-05-20,0.0,-5543.616683302362,5543.616683302362,la_cuisine
2018-05-27,0.0,-6197.951872533003,6197.951872533003,la_cuisine
2018-06-03,0.0,-6789.516101835419,6789.516101835419,la_cuisine
2018-06-10,0.0,-7333.515553943381,7333.515553943381,la_cuisine
2018-06-17,0.0,-7839.857898123956,7839.857898123956,la_cuisine
2018-09-02,0.7499999999803648,-3.71403042465512,5.21403042461585,construction_tools_tools
2018-09-09,0.8124999999852737,-4.767538030820352,6.3925380307909,construction_tools_tools
2018-09-16,0.7968749999840465,-5.858358485438303,7.452108485406396,construction_tools_tools
2018-09-23,0.8007812499843534,-6.745498150904924,8.34706065087363,construction_tools_tools
2018-09-30,0.7998046874842767,-7.550338886359261,9.149948261327815,construction_tools_tools
2018-10-07,0.8000488281092959,-8.2813780632635,9.88147571948209,construction_tools_tools
2018-10-14,0.7999877929530411,-8.958470822895721,10.558446408801805,construction_tools_tools
2018-10-21,0.8000030517421048,-9.591376482956568,11.191382586440776,construction_tools_tools
2018-08-26,2.000000000698492,1.1998480549187236,2.8001519464782603,christmas_supplies
2018-09-02,2.000000000698492,0.8684142662271186,3.1315857351698653,christmas_supplies
2018-09-09,2.000000000698492,0.6140961765101547,3.385903824886829,christmas_supplies
2018-09-16,2.000000000698492,0.3996961083006054,3.6003038930963784,christmas_supplies
2018-09-23,2.0000000006984915,0.21080585710630828,3.7891941442906747,christmas_supplies
2018-09-30,5.000000000698492,3.040036015930268,6.959963985466716,christmas_supplies
2018-10-07,2.000000000698492,-0.11700305953294654,4.11700306092993,christmas_supplies
2018-10-14,2.0000000006984924,-0.26317146765145205,4.263171469048437,christmas_supplies
2018-07-15,0.0,-2771.808341651181,2771.808341651181,furniture_mattress_and_upholstery
2018-07-22,0.0,-3919.928949061978,3919.928949061978,furniture_mattress_and_upholstery
2018-07-29,0.6666666666666669,-4664.9820743956625,4666.315407728996,furniture_mattress_and_upholstery
2018-08-05,-0.33333333333333304,-5060.94009904132,5060.273432374654,furniture_mattress_and_upholstery
2018-08-12,0.6666666666666666,-5059.940478586585,5061.273811919919,furniture_mattress_and_upholstery
2018-08-19,0.6666666666666667,-5059.940858131822,5061.274191465156,furniture_mattress_and_upholstery
2018-08-26,-0.33333333333333304,-5060.941237677031,5060.2745710103645,furniture_mattress_and_upholstery
2018-09-02,0.6666666666666667,-5059.941617222211,5061.274950555545,furniture_mattress_and_upholstery
2018-06-10,0.0,-2771.808341651181,2771.808341651181,fashion_childrens_clothes
2018-06-17,0.0,-3919.928949061978,3919.928949061978,fashion_childrens_clothes
2018-06-24,0.0,-4800.912876583078,4800.912876583078,fashion_childrens_clothes
2018-07-01,0.0,-5543.616683302362,5543.616683302362,fashion_childrens_clothes
2018-07-08,0.0,-6197.951872533003,6197.951872533003,fashion_childrens_clothes
2018-07-15,0.0,-6789.516101835419,6789.516101835419,fashion_childrens_clothes
2018-07-22,0.0,-7333.515553943381,7333.515553943381,fashion_childrens_clothes
2018-07-29,0.0,-7839.857898123956,7839.857898123956,fashion_childrens_clothes
2018-09-09,11.0,-2760.808341651181,2782.808341651181,construction_tools_lights
2018-09-16,11.0,-3908.928949061978,3930.928949061978,construction_tools_lights
2018-09-23,11.0,-4789.912876583078,4811.912876583078,construction_tools_lights
2018-09-30,11.0,-5532.616683302362,5554.616683302362,construction_tools_lights
2018-10-07,11.0,-6186.951872533003,6208.951872533003,construction_tools_lights
2018-10-14,11.0,-6778.516101835419,6800.516101835419,construction_tools_lights
2018-10-21,11.666666666666666,-7234.019229531483,7257.352562864817,construction_tools_lights
2018-10-28,11.666666666666666,-7494.425976547759,7517.759309881093,construction_tools_lights
2018-09-09,1.0,-2770.808341651181,2772.808341651181,party_supplies
2018-09-16,1.0,-3918.928949061978,3920.928949061978,party_supplies
2018-09-23,1.0,-4799.912876583078,4801.912876583078,party_supplies
2018-09-30,1.0,-5542.616683302362,5544.616683302362,party_supplies
2018-10-07,1.0,-6196.951872533003,6198.951872533003,party_supplies
2018-10-14,1.0,-6788.516101835419,6790.516101835419,party_supplies
2018-10-21,1.666666666666667,-7244.019229531483,7247.352562864817,party_supplies
2018-10-28,0.666666666666667,-7505.425976547759,7506.759309881093,party_supplies
